date,code,open,high,low,close,preclose,volume,amount,adjustflag,turn,tradestatus,pctChg,isST,peTTM,psTTM,pcfNcfTTM,pbMRQ,MA5,MA10,MA20,MA30,MA60,EMA12,EMA26,EMA50,BOLL_UPPER,BOLL_MID,BOLL_LOWER,BOLL_WIDTH,BOLL_PB,MACD,MACD_Signal,MACD_Histogram,K,D,J,RSI,MA_Signal,MA_Cross,BOLL_Signal,BOLL_Position,MACD_Cross,MACD_Position,KDJ_Cross,KDJ_Position,RSI_Signal,RSI_Position
2025-06-20,sh.600000,12.7800,13.0200,12.7300,13.0200,12.7400,69793426,903428590.6000,3,0.237800,1,2.197800,0,8.411440,2.230424,-9.561544,0.575148,13.02,13.02,13.02,13.02,13.02,13.02,13.02,13.02,,13.02,,,,0.0,0.0,0.0,100.0,100.0,100.0,,0,0,0,MIDDLE,0,NEUTRAL,0,OVERBOUGHT,0,NEUTRAL
2025-06-19,sh.600000,12.7800,12.8400,12.6400,12.7400,12.7800,43768050,557599592.6700,3,0.149100,1,-0.313000,0,8.230549,2.182458,-9.355920,0.562780,12.879999999999999,12.879999999999999,12.879999999999999,12.879999999999999,12.879999999999999,12.976923076923077,12.99925925925926,13.009019607843138,13.275979797464464,12.879999999999999,12.484020202535534,0.7919595949289295,0.3232233047033638,-0.02233618233618273,-0.004467236467236547,-0.017868945868946183,75.43859649122807,91.81286549707602,42.69005847953218,0.0,0,0,0,MIDDLE,-1,BEARISH,-1,NEUTRAL,0,OVERSOLD
2025-06-18,sh.600000,12.5600,12.8300,12.5100,12.7800,12.5400,69853954,890776691.5300,3,0.238000,1,1.913900,0,8.256391,2.189311,-9.385295,0.564547,12.846666666666666,12.846666666666666,12.846666666666666,12.846666666666666,12.846666666666666,12.94662721893491,12.983017832647464,13.000038446751251,13.149541778442678,12.846666666666666,12.543791554890653,0.6057502235520253,0.3899436367092967,-0.03639061371255359,-0.010851911916299955,-0.025538701796253633,67.9394564843481,83.85506249283338,36.10824446737752,13.333333333333115,0,0,0,MIDDLE,0,BEARISH,0,NEUTRAL,0,OVERSOLD
2025-06-17,sh.600000,12.5800,12.6500,12.4500,12.5400,12.5800,37369806,468354085.7300,3,0.127300,1,-0.318000,0,8.101341,2.148197,-9.209045,0.553945,12.77,12.77,12.77,12.77,12.77,12.884069185252617,12.9502016968958,12.981997723349242,13.163954312071843,12.77,12.376045687928157,0.7879086241436859,0.20808797752408306,-0.06613251164318257,-0.02190803186167648,-0.044224479781506086,50.55612888430223,72.75541795665634,6.157550739594001,7.162534435261577,0,0,0,MIDDLE,0,BEARISH,0,NEUTRAL,0,OVERSOLD
2025-06-16,sh.600000,12.3400,12.6000,12.2100,12.5800,12.3400,51085389,635504882.1700,3,0.174000,1,1.944900,0,8.127183,2.155049,-9.238420,0.555712,12.732,12.732,12.732,12.732,12.732,12.837289310598369,12.922779348977592,12.966233106747312,13.113156135986289,12.732,12.35084386401371,0.7623122719725792,0.30060664692347133,-0.08549003837922342,-0.034624433165185875,-0.050865605214037546,48.93042337142782,64.81375309491351,17.163763924456447,14.282919193895552,0,0,0,MIDDLE,0,BEARISH,0,NEUTRAL,0,OVERSOLD
2025-06-13,sh.600000,12.5000,12.5500,12.2800,12.3400,12.4600,61844935,764861363.2100,3,0.210700,1,-0.963100,0,7.972133,2.113935,-9.062170,0.545110,12.596,12.666666666666666,12.666666666666666,12.666666666666666,12.666666666666666,12.760783262814005,12.879610508312586,12.941674945698399,13.13428474444667,12.666666666666666,12.199048588886662,0.935236155560009,0.1507121065362771,-0.11882724549858104,-0.05146499563186491,-0.06736224986671613,37.97007648630165,55.86586089204289,2.1785076748191727,9.550069939922125,-1,-1,0,MIDDLE,0,BEARISH,0,NEUTRAL,0,OVERSOLD
2025-06-12,sh.600000,12.3500,12.5000,12.2300,12.4600,12.3500,47676653,592474539.1900,3,0.162400,1,0.890700,0,8.049658,2.134492,-9.150295,0.550411,12.540000000000001,12.637142857142857,12.637142857142857,12.637142857142857,12.637142857142857,12.714508914688773,12.84852824843758,12.922785732141598,13.091707012602315,12.637142857142857,12.182578701683399,0.9091283109189163,0.30515087362772136,-0.1340193337488067,-0.06797586325525327,-0.06604347049355343,35.60145016782251,49.111057317302766,8.582235868862,23.24519368148212,-1,0,0,MIDDLE,0,BEARISH,0,NEUTRAL,0,OVERSOLD
2025-06-11,sh.600000,12.3600,12.4200,12.2400,12.3500,12.3600,44114064,544126474.7300,3,0.150300,1,-0.080900,0,7.978593,2.115648,-9.069514,0.545552,12.453999999999999,12.60125,12.60125,12.60125,12.60125,12.658430620121269,12.811600230034795,12.900323546567419,13.068514073395027,12.60125,12.133985926604973,0.9345281467900541,0.2311477445992378,-0.15316960991352602,-0.08501461258690782,-0.0681549973266182,29.495616984309617,42.57257720630505,3.3416965403187504,20.222532977255085,-1,0,0,MIDDLE,0,BEARISH,0,NEUTRAL,0,OVERSOLD
2025-06-10,sh.600000,12.2800,12.4500,12.2600,12.3600,12.3100,49879732,616254415.7600,3,0.169900,1,0.406200,0,7.985054,2.117361,-9.076858,0.545993,12.418000000000001,12.574444444444445,12.574444444444445,12.574444444444445,12.574444444444445,12.61251821702569,12.778148361143328,12.879134387878501,13.040181614005895,12.574444444444445,12.108707274882995,0.9314743391229001,0.2697795468564681,-0.16563014411763888,-0.10113771889305403,-0.06449242522458484,25.836584162379204,36.993912858329765,3.521926770478075,21.225379672808003,-1,0,0,MIDDLE,0,BEARISH,0,NEUTRAL,0,OVERSOLD
2025-06-09,sh.600000,12.3100,12.3400,12.1000,12.3100,12.3200,56578144,691788948.9900,3,0.192800,1,-0.081200,0,7.952752,2.108796,-9.040139,0.543785,12.364,12.548,12.548,12.548,12.548,12.56597695286789,12.743470704762341,12.856815392275424,13.017874687786247,12.548,12.078125312213754,0.939749375572493,0.24674098628157054,-0.17749375189445082,-0.1164089254933334,-0.061084826401117426,26.68384890104563,33.55722487256838,12.937096958000126,19.87976637965896,-1,0,0,MIDDLE,0,BEARISH,0,NEUTRAL,0,OVERSOLD
2025-06-06,sh.600000,12.3300,12.3900,12.2100,12.3200,12.3200,43240203,531488384.3700,3,0.147300,1,0.000000,0,7.959212,2.110509,-9.047483,0.544226,12.36,12.478,12.52727272727273,12.52727272727273,12.52727272727273,12.528134344734369,12.712102504409575,12.835763808264623,12.993756674185454,12.52727272727273,12.060788780360005,0.9329678938254489,0.2778350909559724,-0.18396815967520652,-0.12992077232970803,-0.05404738734549849,27.83489470115373,31.649781482096834,20.20512113926752,20.959040305431017,-1,0,0,MIDDLE,0,BEARISH,0,NEUTRAL,0,OVERSOLD
2025-06-05,sh.600000,12.4200,12.4500,12.2800,12.3200,12.3800,37014523,456671679.6100,3,0.126100,1,-0.484700,0,7.959212,2.110509,-9.047483,0.544226,12.331999999999999,12.436,12.51,12.51,12.51,12.496113676313698,12.68305787445331,12.815537776567972,12.970592503787735,12.51,12.049407496212265,0.9211850075754704,0.2937439293545675,-0.18694419813961183,-0.1413254574916888,-0.04561874064792304,31.889929800769174,31.729830921654283,32.21012755899895,20.959040305431003,-1,0,0,MIDDLE,0,BEARISH,1,NEUTRAL,0,OVERSOLD
2025-06-04,sh.600000,12.4800,12.5300,12.3300,12.3800,12.5400,54685133,677861305.3000,3,0.186300,1,-1.275900,0,7.997975,2.120788,-9.091545,0.546877,12.338000000000001,12.396,12.5,12.5,12.5,12.478250033803898,12.660609143012325,12.798457863761385,12.946840762091673,12.5,12.053159237908327,0.8936815241833465,0.3657239780025035,-0.18235910920842713,-0.14953218783503647,-0.03282692137339066,39.926619867179525,34.462093903496026,50.855671794546524,27.733107147103638,-1,0,0,MIDDLE,0,BEARISH,0,NEUTRAL,0,OVERSOLD
2025-06-03,sh.600000,12.3100,12.5700,12.2300,12.5400,12.3300,83435308,1038149397.0800,3,0.284300,1,1.703200,0,8.101341,2.148197,-9.209045,0.553945,12.373999999999999,12.396,12.502857142857142,12.502857142857142,12.502857142857142,12.487750028603298,12.651675132418818,12.788322261260939,12.932699945710505,12.502857142857142,12.073014340003779,0.8596856057067264,0.5432051634880208,-0.1639251038155205,-0.1524107710311333,-0.01151433278438721,57.82342033698485,42.24920271465896,88.97185558163665,42.00657356492189,-1,0,0,MIDDLE,0,BEARISH,0,NEUTRAL,1,NEUTRAL
2025-05-30,sh.600000,12.2000,12.4100,12.1700,12.3300,12.1700,74173919,912668309.6900,3,0.252700,1,1.314700,0,7.965673,2.112222,-9.054827,0.544668,12.378,12.371,12.491333333333333,12.491333333333333,12.491333333333333,12.46348079343356,12.62784734483224,12.770348839250707,12.915049320871258,12.491333333333333,12.067617345795409,0.8474319750758497,0.3096209040036598,-0.16436655139868073,-0.15480192710464277,-0.009564624294037954,54.8610036289119,46.45313635274327,71.67673818124916,32.838841731833895,-1,0,0,MIDDLE,0,BEARISH,0,NEUTRAL,0,NEUTRAL
2025-05-29,sh.600000,12.2100,12.2700,12.1700,12.1700,12.2200,39604139,483788795.6400,3,0.134900,1,-0.409200,0,7.862306,2.084813,-8.937327,0.537600,12.348,12.354,12.47125,12.47125,12.47125,12.41832990213609,12.593932726696519,12.746805747515385,12.91099992893689,12.47125,12.031500071063109,0.8794998578737818,0.15747578319309705,-0.17560282456042842,-0.1589621065957999,-0.016640717964628515,41.53854142636682,44.81493804395112,34.98574819119821,27.851407692138878,-1,0,0,MIDDLE,0,BEARISH,-1,NEUTRAL,0,OVERSOLD
2025-05-28,sh.600000,12.2000,12.3300,12.1300,12.2200,12.1900,45763183,559946076.0200,3,0.155900,1,0.246100,0,7.894608,2.093378,-8.974046,0.539809,12.328,12.330000000000002,12.456470588235293,12.456470588235293,12.456470588235293,12.38781760949977,12.566234006200482,12.726146698593213,12.899355515528523,12.456470588235293,12.013585660942063,0.8857698545864601,0.2330338270027338,-0.17841639670071174,-0.16285296461678228,-0.015563432083929463,36.20299924878361,41.94429177889529,24.720414188560255,31.359757188969468,-1,0,0,MIDDLE,0,BEARISH,0,NEUTRAL,1,NEUTRAL
2025-05-27,sh.600000,12.1100,12.2500,12.0500,12.1900,12.0500,51170123,622457334.2300,3,0.174300,1,1.161800,0,7.875227,2.088239,-8.952014,0.538484,12.290000000000001,12.314,12.441666666666666,12.441666666666666,12.441666666666666,12.35738413111519,12.538364820556001,12.70512133786407,12.889314111978397,12.441666666666666,11.994019221354936,0.895294890623461,0.2189008121207834,-0.18098068944081191,-0.16647850958158822,-0.014502179859223696,33.109691806881315,38.9994251215573,21.330225177529343,30.404439276596293,-1,0,0,MIDDLE,0,BEARISH,0,NEUTRAL,0,NEUTRAL
2025-05-26,sh.600000,12.1900,12.2500,11.9900,12.0500,12.2300,86375810,1043951444.2600,3,0.294300,1,-1.471800,0,7.784781,2.064256,-8.849202,0.532299,12.192,12.283,12.421052631578947,12.421052631578947,12.421052631578947,12.310094264789775,12.502189648662965,12.679430305006655,12.891744544822613,12.421052631578947,11.950360718335281,0.941383826487332,0.10584341780813528,-0.19209538387318936,-0.17160188443990845,-0.02049349943328091,25.521403733323204,34.50675132547927,7.550708549011063,26.36763355844282,-1,0,0,MIDDLE,0,BEARISH,0,NEUTRAL,0,OVERSOLD
2025-05-23,sh.600000,12.3900,12.4800,12.2200,12.2300,12.4300,57961597,712934903.4000,3,0.197500,1,-1.609000,0,7.901069,2.095091,-8.981389,0.540251,12.172,12.275,12.4115,12.4115,12.4115,12.297772070206733,12.482027452465708,12.661805587163258,12.877537043930834,12.4115,11.945462956069166,0.9320740878616682,0.3052729902443799,-0.18425538225897498,-0.17413258400372178,-0.010122798255253196,30.807372603824675,33.27362508492774,25.87486764161855,37.80187360075016,-1,0,0,MIDDLE,0,BEARISH,0,NEUTRAL,1,NEUTRAL
2025-05-22,sh.600000,12.2200,12.5300,12.1900,12.4300,12.2700,63895089,792331666.6900,3,0.217700,1,1.304000,0,8.030277,2.129353,-9.128264,0.549086,12.224,12.286,12.382,12.412380952380953,12.412380952380953,12.318114828636466,12.478173567097878,12.652715171980386,12.750301935630908,12.382,12.013698064369091,0.736603871261817,0.5651639257852054,-0.16005873846141228,-0.17131781489525988,0.011259076433847603,45.82560472438883,37.457618298081435,62.56157757700363,47.54820313859413,-1,0,0,MIDDLE,1,BULLISH,1,NEUTRAL,0,NEUTRAL
2025-05-21,sh.600000,12.2700,12.4200,12.2000,12.2700,12.2700,41672064,513339136.1500,3,0.142000,1,0.000000,0,7.926910,2.101944,-9.010764,0.542018,12.234,12.281,12.358500000000001,12.405909090909091,12.405909090909091,12.31071254730778,12.462753302868405,12.637706733863508,12.688621189868208,12.358500000000001,12.028378810131795,0.6602423797364132,0.36595831664829936,-0.15204075556062513,-0.16746240302833293,0.0154216474677078,46.64235717258102,40.51919792291463,58.8886756719138,41.892636171342545,-1,0,0,MIDDLE,0,BULLISH,0,NEUTRAL,0,NEUTRAL
2025-05-20,sh.600000,12.0200,12.3400,12.0100,12.2700,12.0000,80013453,976894438.9700,3,0.272600,1,2.250000,0,7.926910,2.101944,-9.010764,0.542018,12.25,12.27,12.333,12.4,12.4,12.3044490784912,12.448475280433708,12.623286861947292,12.598496555632334,12.333,12.067503444367667,0.5309931112646673,0.3813543929977672,-0.14402620194250915,-0.16277516281116816,0.018748960868659015,48.37885539900462,43.13908374827796,58.858398700457926,41.892636171342545,-1,0,0,MIDDLE,0,BULLISH,0,NEUTRAL,0,NEUTRAL
2025-05-19,sh.600000,12.2000,12.2500,11.9700,12.0000,12.1000,63137397,762689367.4600,3,0.215100,1,-0.826400,0,7.752479,2.055691,-8.812483,0.530091,12.24,12.216,12.306000000000001,12.383333333333333,12.383333333333333,12.257610758723322,12.415254889290471,12.598844239910145,12.591907603772162,12.306000000000001,12.02009239622784,0.5718152075443221,-0.0351379186190715,-0.15764413056714943,-0.16174895636236442,0.004104825795214984,34.03828455171733,40.10548401609108,21.903885622969824,33.98210767060672,-1,0,1,LOWER,0,BULLISH,-1,NEUTRAL,0,NEUTRAL
2025-05-16,sh.600000,12.3100,12.3800,12.0500,12.1000,12.2900,61049671,742473908.2800,3,0.208000,1,-1.546000,0,7.817083,2.072821,-8.885921,0.534508,12.213999999999999,12.193,12.282,12.372,12.372,12.233362949688965,12.391902675268954,12.579281720697983,12.55115853281937,12.282,12.01284146718063,0.5383170656387399,0.16190928800659823,-0.1585397255799883,-0.16110711020588922,0.0025673846259009203,30.430284939240085,36.880417657140754,17.53001950343875,38.606068774099946,-1,0,0,MIDDLE,0,BULLISH,0,NEUTRAL,0,NEUTRAL
2025-05-15,sh.600000,12.1700,12.3500,12.0900,12.2900,12.1500,64989861,796202036.1500,3,0.221400,1,1.152300,0,7.939831,2.105370,-9.025452,0.542901,12.186,12.205,12.2795,12.368846153846153,12.368846153846153,12.24207634204451,12.384354328952735,12.567937339494142,12.547315726121333,12.2795,12.011684273878668,0.5356314522426651,0.519603031069284,-0.14227798690822624,-0.15734128554635662,0.015063298638130385,39.33447567377905,37.69843699602019,42.60655302929678,46.30180988872951,-1,0,0,MIDDLE,0,BULLISH,1,NEUTRAL,0,NEUTRAL
2025-05-14,sh.600000,11.9900,12.1900,11.9600,12.1500,12.0800,72183353,873575368.4800,3,0.245900,1,0.579500,0,7.849385,2.081387,-8.922639,0.536717,12.162,12.197999999999999,12.264,12.360740740740741,12.360740740740741,12.227910750960739,12.366994749030312,12.551547639906136,12.523586716065935,12.264,12.004413283934063,0.519173432131872,0.28042019690436976,-0.13908399806957306,-0.15368982805099993,0.014605829981426871,37.33409489363048,37.57698962855695,36.84830542377753,42.11291530498255,-1,0,0,MIDDLE,0,BULLISH,-1,NEUTRAL,0,NEUTRAL
2025-05-13,sh.600000,11.7300,12.1500,11.6700,12.0800,11.7100,85038009,1017847179.3500,3,0.289700,1,3.159700,0,7.804163,2.069395,-8.871233,0.533625,12.124,12.187,12.250499999999999,12.350714285714286,12.350714285714286,12.205155250812933,12.34573587873177,12.533055575596093,12.519179029796955,12.250499999999999,11.981820970203042,0.5373580595939131,0.18270690844602328,-0.14058062791883685,-0.15106798802456733,0.010487360105730481,40.780869463970724,38.64494957369487,45.05270924452242,40.15671067265312,-1,0,0,MIDDLE,0,BULLISH,1,NEUTRAL,0,NEUTRAL
2025-05-12,sh.600000,11.8300,11.9800,11.6500,11.7100,11.8000,106436592,1258603165.8400,3,0.362600,1,-0.762700,0,7.565128,2.006011,-8.599515,0.517280,12.066,12.153,12.218,12.328620689655171,12.328620689655171,12.128977519918635,12.298644332159046,12.50077888635703,12.573977527380595,12.218,11.862022472619405,0.7119550547611908,-0.21352818777358945,-0.16966681224041125,-0.15478775286773613,-0.014879059372675113,29.459973582041115,35.58329090981029,17.21333892650277,31.759103148423904,-1,0,1,LOWER,-1,BEARISH,-1,NEUTRAL,0,NEUTRAL
2025-05-09,sh.600000,11.6500,11.8800,11.6200,11.8000,11.6300,82148077,967087777.8400,3,0.279900,1,1.461700,0,7.623271,2.021429,-8.665609,0.521256,12.006,12.11,12.1925,12.311,12.311,12.078365593777308,12.26170771496208,12.473297361401853,12.591228241445624,12.1925,11.793771758554378,0.7974564828912456,0.007810133316669162,-0.1833421211847721,-0.16049862653114333,-0.022843494653628782,27.139982388027466,32.768854735882684,15.882237692317034,35.303201000162844,-1,0,0,MIDDLE,0,BEARISH,0,NEUTRAL,0,NEUTRAL
2025-05-08,sh.600000,11.3500,11.6900,11.3300,11.6300,11.3700,77598543,899909970.1000,3,0.264400,1,2.286700,0,7.513445,1.992307,-8.540765,0.513746,11.874,12.030000000000001,12.158,12.264666666666667,12.289032258064516,12.009386271657723,12.214914550890816,12.440226876640997,12.624006550665504,12.158,11.691993449334495,0.9320131013310089,-0.0665156415140102,-0.2055282792330928,-0.16950455707153325,-0.03602372216155955,27.617131115827853,31.05161352919774,20.748166289088083,31.929938378855383,-1,0,1,LOWER,0,BEARISH,0,NEUTRAL,0,NEUTRAL
2025-05-07,sh.600000,11.3600,11.3800,11.0800,11.3700,11.1700,71916086,811933127.1600,3,0.245000,1,1.790500,0,7.345474,1.947767,-8.349828,0.502261,11.718,11.94,12.1105,12.219,12.2603125,11.911019152941149,12.152328287861867,12.398257195204096,12.687442029378309,12.1105,11.533557970621692,1.153884058756617,-0.14174558473226187,-0.24130913492071748,-0.1838654726413701,-0.057443662279347385,25.847318179782647,29.316848412726046,18.90825771389585,27.588157728200514,-1,0,1,LOWER,0,BEARISH,0,NEUTRAL,0,OVERSOLD
2025-05-06,sh.600000,11.0000,11.1900,10.8000,11.1700,10.9600,97264620,1076041107.1800,3,0.331400,1,1.916100,0,7.216266,1.913505,-8.202953,0.493426,11.536,11.83,12.05,12.165333333333333,12.227272727272727,11.797016206334819,12.07956322950173,12.350090246372563,12.748841146018481,12.05,11.35115885398152,1.3976822920369614,-0.12961375772851919,-0.28254702316691116,-0.20360178274647833,-0.07894524042043283,25.037452626184198,27.89038315054543,19.33159157746173,24.795116868197496,-1,0,1,LOWER,0,BEARISH,0,NEUTRAL,0,OVERSOLD
2025-04-30,sh.600000,10.8200,11.0300,10.6000,10.9600,10.8300,92838022,1011035958.8200,3,0.316300,1,1.200400,0,7.080598,1.877531,-8.048735,0.484149,11.386,11.725999999999999,11.971,12.112666666666666,12.19,11.668244482283308,11.99663261990901,12.29557690337756,12.784437151843953,11.971,11.157562848156047,1.6268743036879059,-0.12143706966678237,-0.3283881376257014,-0.22855905372232296,-0.09982908390337844,23.54877794126568,26.443181414118847,17.759970995559343,22.24815431671965,-1,0,1,LOWER,0,BEARISH,0,NEUTRAL,0,OVERSOLD
2025-04-29,sh.600000,10.6600,10.8700,10.6500,10.8300,10.7400,52112683,562869895.5300,3,0.177500,1,0.838000,0,7.023976,1.861715,-3.591789,0.486338,11.192,11.599,11.895999999999999,12.054333333333334,12.151142857142858,11.539283792701262,11.910215388804637,12.238103299323537,12.836714174388128,11.895999999999999,10.95528582561187,1.8814283487762573,-0.06659080357397629,-0.3709315961033752,-0.2570335621985334,-0.11389803390484182,20.520988229187612,24.46911701914177,12.6247306492793,20.822242583636154,-1,0,1,LOWER,0,BEARISH,0,NEUTRAL,0,OVERSOLD
2025-04-28,sh.600000,10.6000,10.7400,10.5900,10.7400,10.5900,48382197,517574619.9100,3,0.164800,1,1.416400,0,6.965605,1.846244,-3.561940,0.482296,11.014,11.443999999999999,11.8245,12.001,12.111944444444443,11.416317055362606,11.8235327674117,12.17935415033046,12.887018854321878,11.8245,10.761981145678122,2.125037708643756,-0.010343884999646002,-0.40721571204909424,-0.2870699921686456,-0.12014571988044864,16.88578702458662,21.941340354290052,6.774680365179755,19.872647987141974,-1,0,1,LOWER,0,BEARISH,0,OVERSOLD,0,OVERSOLD
2025-04-25,sh.600000,10.7500,10.8000,10.5700,10.5900,10.7400,45447179,483223746.1600,3,0.154800,1,-1.396600,0,6.868320,1.820458,-3.512193,0.475560,10.858,11.288,11.743,11.938666666666668,12.07081081081081,11.28919135453759,11.732159969825648,12.117026536592011,12.92151110349145,11.743,10.56448889650855,2.3570222069829008,0.010823446387509997,-0.4429686152880592,-0.31824971679252834,-0.12471889849553086,11.730004588495088,18.53756176569173,-1.8851097658982,18.36905279536083,-1,0,0,MIDDLE,0,BEARISH,0,OVERSOLD,0,OVERSOLD
2025-04-24,sh.600000,10.6900,10.8500,10.6700,10.7400,10.6700,39754164,428435900.0700,3,0.135400,1,0.656000,0,6.965605,1.846244,-3.561940,0.482296,10.772,11.154,11.6705,11.885,12.035789473684211,11.204700376916422,11.658666638727452,12.063025495941345,12.910049578635217,11.6705,10.430950421364784,2.479099157270433,0.1246620481995926,-0.45396626181102917,-0.34539302579622855,-0.10857323601480062,12.145702804543795,16.406942111975752,3.623224189679881,24.5193421474616,-1,0,0,MIDDLE,0,BEARISH,0,OVERSOLD,0,OVERSOLD
2025-04-23,sh.600000,10.7100,10.7500,10.5800,10.6700,10.7100,33992733,362271178.0000,3,0.115800,1,-0.373500,0,6.920206,1.834210,-3.538725,0.479153,10.714,11.05,11.6015,11.828666666666667,12.00076923076923,11.122438780467741,11.585432072895788,12.008397045120116,12.904133365230036,11.6015,10.298866634769963,2.605266730460073,0.14245503575155896,-0.4629932924280471,-0.3689130791225923,-0.0940802133054548,11.073325679219666,14.629069967723725,3.9618371022115504,23.624800972806995,-1,0,0,MIDDLE,0,BEARISH,0,OVERSOLD,0,OVERSOLD
2025-04-22,sh.600000,10.5600,10.7400,10.5500,10.7100,10.5700,46047223,491852201.1600,3,0.156900,1,1.324500,0,6.946148,1.841087,-3.551991,0.480949,10.690000000000001,10.940999999999999,11.525500000000001,11.775333333333332,11.9685,11.058986660395782,11.520585252681284,11.957479513938935,12.850903215708538,11.525500000000001,10.200096784291464,2.650806431417074,0.19235777070148108,-0.4615985922855028,-0.3874501817551744,-0.07414841053032839,13.807919930724761,14.355353288724071,12.713053214726138,25.30185847208581,-1,0,0,MIDDLE,0,BEARISH,0,OVERSOLD,0,OVERSOLD
2025-04-21,sh.600000,10.7800,10.8800,10.5600,10.5700,10.8100,50053475,533248958.4600,3,0.170500,1,-2.220200,0,6.855349,1.817020,-3.505559,0.474662,10.656,10.835,11.432500000000001,11.717,11.934390243902438,10.983757943411815,11.450171530260448,11.903068552607996,12.751684357253017,11.432500000000001,10.113315642746985,2.638368714506033,0.1730934553393225,-0.466413586848633,-0.4032428627738662,-0.06317072407476682,10.246946620483156,12.985884399310432,4.769071062828601,23.367814178099806,-1,0,0,MIDDLE,0,BEARISH,0,OVERSOLD,0,OVERSOLD
2025-04-18,sh.600000,10.7000,10.8700,10.6600,10.8100,10.7500,48024169,518493333.6400,3,0.163600,1,0.558100,0,7.011005,1.858277,-3.585156,0.485440,10.7,10.779,11.3595,11.666666666666666,11.907619047619047,10.95702595211769,11.402751416907822,11.860203119172388,12.644694640184085,11.3595,10.074305359815916,2.5703892803681683,0.28621915201836945,-0.445725464790133,-0.41173938317711956,-0.03398608161301342,24.886853302544356,16.95287403372174,40.75481184018959,32.84463362023595,-1,0,0,MIDDLE,0,BEARISH,1,NEUTRAL,1,NEUTRAL
2025-04-17,sh.600000,10.6000,10.7500,10.4300,10.7500,10.6000,70420291,748750237.3800,3,0.239900,1,1.415100,0,6.972091,1.847963,-3.565257,0.482745,10.702000000000002,10.737,11.2835,11.612333333333334,11.880697674418604,10.925175805638045,11.354399460099835,11.816665741949942,12.520870301549984,11.2835,10.046129698450017,2.474740603099967,0.28442185038233303,-0.42922365446179,-0.4152362374340537,-0.013987417027736315,40.294939238733235,24.733562435392237,71.41769284541523,31.78631539945175,-1,0,0,MIDDLE,0,BEARISH,0,NEUTRAL,0,NEUTRAL
2025-04-16,sh.600000,10.4500,10.6000,10.3500,10.6000,10.4700,74094520,777378645.1900,3,0.252400,1,1.241600,0,6.874806,1.822177,-3.515509,0.476009,10.687999999999999,10.700999999999999,11.2135,11.547666666666666,11.851590909090909,10.875148758616806,11.298518018610958,11.76895335991269,12.438541782316445,11.2135,9.988458217683554,2.450083564632891,0.2496003773683841,-0.42336925999415165,-0.4168628419460733,-0.006506418048078333,42.586563266073696,30.684562712286056,66.39056437364897,29.248929514823686,-1,0,0,MIDDLE,0,BEARISH,0,NEUTRAL,0,OVERSOLD
2025-04-15,sh.600000,10.1800,10.4800,10.1700,10.4700,10.1800,68556308,712990091.2000,3,0.233600,1,2.848700,0,6.790492,1.799830,-3.472394,0.470172,10.64,10.665,11.132,11.485666666666667,11.82088888888889,10.812818180368067,11.237146313528665,11.718014012465133,12.325184152196394,11.132,9.938815847803605,2.3863683043927892,0.2225910188375366,-0.42432813316059814,-0.4183559001889783,-0.005972232971619862,42.475549219636,34.614891548069366,58.196864562769264,27.220850817644717,-1,0,0,MIDDLE,0,BEARISH,0,NEUTRAL,0,OVERSOLD
2025-04-14,sh.600000,10.0400,10.2200,10.0000,10.1800,10.0700,62154163,629562547.7500,3,0.211800,1,1.092400,0,6.602408,1.749978,-3.376215,0.457149,10.562000000000001,10.609,11.0265,11.419333333333332,11.785217391304348,10.715461537234518,11.158839179193208,11.6576997374665,12.160218149323393,11.0265,9.892781850676608,2.2674362986467855,0.12667087913111602,-0.44337764195869056,-0.42336024854292076,-0.020017393415769802,35.13521463127247,34.788332575803736,35.82897874220993,23.33395797575244,-1,0,0,MIDDLE,0,BEARISH,0,NEUTRAL,0,OVERSOLD
2025-04-11,sh.600000,10.0600,10.1200,9.9200,10.0700,10.0000,56246196,564930748.3600,3,0.191600,1,0.700000,0,6.531066,1.731068,-3.339734,0.452209,10.414,10.556999999999999,10.9225,11.347666666666667,11.74872340425532,10.61615976227536,11.078184425178897,11.59543700266389,12.002614516345858,10.9225,9.842385483654141,2.160229032691717,0.10536591856755306,-0.46202466290353605,-0.43109313141504385,-0.030931531488492203,28.631809754181653,32.736158301929706,20.42311265868554,22.047936580526965,-1,0,0,MIDDLE,0,BEARISH,-1,NEUTRAL,0,OVERSOLD
2025-04-10,sh.600000,10.1800,10.1800,9.9100,10.0000,10.0100,78108087,781663685.8800,3,0.266100,1,-0.099900,0,6.485666,1.719035,-3.316518,0.449066,10.264,10.483,10.8185,11.274666666666667,11.712291666666667,10.521365952694536,10.998318912202683,11.53287084569668,11.827559489144011,10.8185,9.809440510855989,2.0181189782880224,0.09442430857355263,-0.47695295950814653,-0.4402650970336644,-0.036687862474482136,22.180656674609068,29.217657759489494,8.106654504848215,21.24548921301374,-1,0,0,MIDDLE,0,BEARISH,0,NEUTRAL,0,OVERSOLD
2025-04-09,sh.600000,10.1900,10.1900,9.8600,10.0100,10.2000,99714563,997750442.7400,3,0.339700,1,-1.862700,0,6.492152,1.720754,-3.319834,0.449515,10.145999999999999,10.417,10.733500000000001,11.206666666666667,11.677551020408163,10.442694267664606,10.925110103891372,11.47315042037524,11.712312922290106,10.733500000000001,9.754687077709896,1.9576258445802104,0.13041967288945996,-0.48241583622676565,-0.4486952448722846,-0.03372059135448102,19.68906523405311,26.041460251010697,6.984275200137937,21.6840054879831,-1,0,0,MIDDLE,0,BEARISH,0,OVERSOLD,0,OVERSOLD
2025-04-08,sh.600000,9.7700,10.2900,9.7500,10.2000,9.6500,149422915,1501459277.5200,3,0.509100,1,5.699500,0,6.615379,1.753416,-3.382848,0.458047,10.091999999999999,10.366000000000001,10.6535,11.139,11.648,10.405356688023897,10.871398244343862,11.423222952909546,11.520443208241334,10.6535,9.786556791758665,1.7338864164826688,0.23844884204124395,-0.4660415563199649,-0.4521645071618207,-0.013877049158144195,26.51890063222587,26.200607044749088,27.155487807179433,29.69414460999485,-1,0,0,MIDDLE,0,BEARISH,1,NEUTRAL,0,OVERSOLD
2025-04-07,sh.600000,10.2700,10.2800,9.4600,9.6500,10.4800,142399646,1395103301.6200,3,0.485100,1,-7.919800,0,6.258668,1.658869,-3.200440,0.433348,9.986,10.274,10.5545,11.046333333333333,11.608823529411763,10.289147966789452,10.780924300318391,11.353684797893486,11.403957411961795,10.5545,9.705042588038207,1.6989148239235874,-0.03239867429674185,-0.49177633352893935,-0.4600868724352445,-0.03168946109369486,22.588827811664782,24.996680633720985,17.773122167552373,22.515217919213825,-1,0,1,LOWER,0,BEARISH,-1,NEUTRAL,0,OVERSOLD
2025-04-03,sh.600000,10.2900,10.5000,10.2900,10.4800,10.4600,36919313,384886879.9200,3,0.125800,1,0.191200,0,6.796978,1.801549,-3.475711,0.470621,10.068,10.241,10.51,10.986666666666668,11.587115384615384,10.318509818052615,10.758633611405918,11.319422648956486,11.267891812859848,10.51,9.752108187140152,1.5157836257196955,0.48020825697615294,-0.4401237933533029,-0.45609425661885616,0.015970463265553292,44.88377994461864,31.625713737353536,71.39991235914883,44.3718558110307,-1,0,0,MIDDLE,1,BULLISH,1,NEUTRAL,1,NEUTRAL
2025-04-02,sh.600000,10.2900,10.5600,10.2900,10.4600,10.3500,45625673,477144592.5700,3,0.155400,1,1.062800,0,6.784007,1.798111,-3.469078,0.469723,10.16,10.212,10.4745,10.926333333333334,11.565849056603774,10.340277538352213,10.736512603153628,11.285719799977802,11.165813775967246,10.4745,9.783186224032756,1.3826275519344904,0.48951272164386395,-0.3962350648014148,-0.4441224182553679,0.04788735345395312,60.2255502661094,41.158992580272155,98.3586656377839,44.049419666870236,-1,0,0,MIDDLE,0,BULLISH,0,NEUTRAL,0,NEUTRAL
2025-04-01,sh.600000,10.4300,10.4600,10.2200,10.3500,10.4300,63920348,659250549.5200,3,0.217800,1,-0.767000,0,6.712664,1.779201,-3.432596,0.464783,10.228,10.187000000000001,10.443999999999999,10.871333333333332,11.543333333333335,10.341773301682641,10.707882039957063,11.249024905861026,11.097940283769722,10.443999999999999,9.790059716230276,1.3078805675394456,0.4281279939980725,-0.3661087382744217,-0.4285196822591787,0.062410943984756995,67.12006381376989,49.812682991438066,101.73482545843353,42.231719435012494,-1,0,0,MIDDLE,0,BULLISH,0,NEUTRAL,0,NEUTRAL
2025-03-31,sh.600000,10.4700,10.6300,10.3500,10.4300,10.4400,49360687,518371937.1300,3,0.168200,1,-0.095800,0,6.764550,1.792953,-3.459128,0.468375,10.274,10.183000000000002,10.424000000000001,10.815666666666665,11.523090909090909,10.355346639885312,10.68729818514543,11.21690628210177,11.052193734783337,10.424000000000001,9.795806265216665,1.256387469566672,0.504775596816536,-0.33195154526011805,-0.40920605485936656,0.07725450959924851,72.38203684450752,57.33580094246122,102.47450864860014,44.040306352231184,-1,0,0,MIDDLE,0,BULLISH,0,NEUTRAL,0,NEUTRAL
2025-03-28,sh.600000,10.5300,10.5700,10.4100,10.4400,10.5500,36572944,382165241.2900,3,0.124600,1,-1.042700,0,6.771035,1.794673,1.256728,0.478803,10.431999999999999,10.209,10.409,10.754,11.50375,10.36837023374911,10.668979801060583,11.18643936907817,11.019501088408001,10.409,9.798498911592,1.2210021768160004,0.525388980125193,-0.3006095673114739,-0.38748675734978805,0.08687719003831412,76.17491914989957,63.615507011607335,101.29374342648404,44.27515793227667,1,1,0,MIDDLE,0,BULLISH,0,NEUTRAL,0,NEUTRAL
2025-03-27,sh.600000,10.5000,10.6600,10.4700,10.5500,10.4700,42508671,449288518.5700,3,0.144800,1,0.764100,0,6.842378,1.813582,1.269969,0.483848,10.446000000000002,10.257000000000001,10.407,10.700666666666667,11.487017543859649,10.396313274710785,10.660166482463504,11.161480962447655,11.015262408747015,10.407,9.798737591252985,1.2165248174940295,0.6175479512983322,-0.26385320775271914,-0.3627600474303743,0.09890683967765518,81.06105721104416,69.4306904114196,104.32179081029327,46.914359660953224,1,0,0,MIDDLE,0,BULLISH,0,OVERBOUGHT,0,NEUTRAL
2025-03-26,sh.600000,10.6000,10.6100,10.4500,10.4700,10.6100,36660981,385049553.5800,3,0.124900,1,-1.319500,0,6.790492,1.799830,1.260339,0.480179,10.448,10.304,10.3935,10.647,11.469482758620689,10.407649693986048,10.646080076355096,11.134364061959511,10.982317727135875,10.3935,9.804682272864124,1.1776354542717513,0.5649606800835566,-0.23843038236904768,-0.337894114418109,0.09946373204906134,82.09626036291834,73.65254706191918,98.98368696491667,45.23635437898145,1,0,0,MIDDLE,0,BULLISH,0,OVERBOUGHT,0,NEUTRAL
2025-03-25,sh.600000,10.6500,10.6900,10.5000,10.6100,10.6100,37875416,401332739.2900,3,0.129000,1,0.000000,0,6.881292,1.823896,1.277192,0.486600,10.5,10.364,10.3905,10.610333333333335,11.454915254237289,10.438780510295887,10.64340747810657,11.11380076541208,10.97397326642406,10.3905,9.807026733575938,1.1669465328481223,0.6880977352615074,-0.20462696781068246,-0.3112406850966237,0.10661371728594127,85.89615189506209,77.73374867296681,102.22095833925266,48.69473058962627,1,0,0,MIDDLE,0,BULLISH,0,OVERBOUGHT,0,NEUTRAL
2025-03-24,sh.600000,10.4200,10.6300,10.4200,10.6100,10.4700,46449659,489527179.2300,3,0.158200,1,1.337200,0,6.881292,1.823896,1.277192,0.486600,10.536,10.405,10.385499999999999,10.570666666666666,11.440833333333334,10.465121970250367,10.640932850098675,11.094043872650822,10.95907512241433,10.385499999999999,9.811924877585668,1.1471502448286621,0.6957023511192573,-0.17581087984830823,-0.2841547240469606,0.1083438441986524,84.92367573145981,80.1303910257978,94.51024514278382,48.69473058962627,1,0,0,MIDDLE,0,BULLISH,0,OVERBOUGHT,0,NEUTRAL
2025-03-21,sh.600000,10.6300,10.7200,10.4100,10.4700,10.6600,56344163,594649833.7900,3,0.192000,1,-1.782400,0,6.790492,1.799830,1.260339,0.480179,10.542,10.487,10.380500000000001,10.532000000000002,11.398333333333333,10.465872436365695,10.628271157498775,11.069571563919418,10.949024405808569,10.380500000000001,9.811975594191434,1.1370488116171344,0.5787125399416323,-0.16239872113307996,-0.2598035234641845,0.09740480233110455,73.28245048763988,77.84774417974516,64.15186310342929,45.37170026280768,1,0,0,MIDDLE,0,BULLISH,-1,NEUTRAL,0,NEUTRAL
2025-03-20,sh.600000,10.6400,10.6900,10.6000,10.6600,10.6500,29548507,314685882.2200,3,0.100700,1,0.093900,0,6.913720,1.832491,1.283211,0.488893,10.564,10.504999999999999,10.373000000000001,10.508333333333333,11.363666666666667,10.495738215386357,10.630621442128495,11.053509933961793,10.921264246700906,10.373000000000001,9.824735753299096,1.0965284934018094,0.761735104675325,-0.13488322674213826,-0.23481946411977528,0.09993623737763702,78.18830032509322,77.96126289486118,78.64237518555731,50.32609793327375,1,0,0,MIDDLE,0,BULLISH,1,NEUTRAL,0,NEUTRAL
2025-03-19,sh.600000,10.5900,10.6800,10.5600,10.6500,10.6400,34604830,367827208.7400,3,0.117900,1,0.094000,0,6.907234,1.830772,1.282007,0.488434,10.6,10.524,10.368,10.491000000000001,11.328166666666668,10.51947079763461,10.632056890859719,11.0376860149829,10.903462416981794,10.368,9.832537583018206,1.0709248339635877,0.7633238029939907,-0.1125860932251097,-0.2103727899408422,0.09778669671573248,79.15256057708916,78.3583621222705,80.74095748672647,50.06872032945597,1,0,0,MIDDLE,0,BULLISH,0,NEUTRAL,0,NEUTRAL
2025-03-18,sh.600000,10.6300,10.7200,10.5200,10.6400,10.6000,40970582,436226250.2700,3,0.139600,1,0.377400,0,6.900749,1.829053,1.280803,0.487975,10.606,10.553,10.370000000000001,10.480333333333334,11.2965,10.53801375184467,10.632645269314555,11.02209048498357,10.909395373006701,10.370000000000001,9.830604626993301,1.0787907460134,0.7502802336762405,-0.0946315174698853,-0.18722453544665082,0.09259301797676553,77.49955651375836,78.0720935860998,76.3544823690755,49.79447242762033,1,0,0,MIDDLE,0,BULLISH,-1,NEUTRAL,0,NEUTRAL
2025-03-17,sh.600000,10.5500,10.6600,10.3900,10.6000,10.4200,59251416,626647199.4900,3,0.201900,1,1.727400,0,6.874806,1.822177,1.275988,0.486141,10.604000000000001,10.569999999999999,10.3765,10.472666666666667,11.2635,10.54755009771472,10.63022710121718,11.005537916944998,10.924040914116528,10.3765,9.828959085883472,1.0950818282330559,0.704094337279455,-0.08267700350246088,-0.16631502905781284,0.08363802555535196,72.87849222129336,76.34089313116431,65.95369040155146,48.64665070042421,1,0,0,MIDDLE,0,BULLISH,0,NEUTRAL,0,NEUTRAL
2025-03-14,sh.600000,10.2800,10.4900,10.2400,10.4200,10.2200,78422138,815108919.0000,3,0.267200,1,1.956900,0,6.758064,1.791234,1.254320,0.477886,10.594,10.568,10.3885,10.462,11.2315,10.527927005758608,10.61465472334924,10.982575645692254,10.928374254365124,10.3885,9.848625745634877,1.0797485087302476,0.529173460065291,-0.08672771759063203,-0.15039756676437668,0.06366984917374466,61.08566148086221,71.25581591439695,40.74535261379273,43.758415533494556,1,0,0,MIDDLE,0,BULLISH,0,NEUTRAL,0,NEUTRAL
2025-03-13,sh.600000,10.1600,10.2500,10.1200,10.2200,10.1200,46714351,476613668.5900,3,0.159200,1,0.988100,0,6.628351,1.756854,1.230245,0.468713,10.506,10.535,10.396,10.449666666666667,11.194166666666666,10.480553620257284,10.585421040138185,10.952670718410205,10.921212738852187,10.396,9.870787261147814,1.0504254777043727,0.33244884693330634,-0.10486741988090031,-0.1412915373876814,0.036424117506781095,46.27932987613043,62.93032056830811,12.97734849177509,39.061717342012045,1,0,0,MIDDLE,0,BULLISH,0,NEUTRAL,0,NEUTRAL
2025-03-12,sh.600000,10.1200,10.1800,10.0100,10.1200,10.1200,42868920,433414444.5400,3,0.146100,1,0.000000,0,6.563494,1.739663,1.218207,0.464127,10.4,10.5,10.402000000000001,10.429,11.157000000000002,10.425083832525395,10.550945407535355,10.92001696474706,10.910645259488362,10.402000000000001,9.89335474051164,1.017290518976722,0.22279305199495858,-0.1258615750099601,-0.13820554491213716,0.012343969902177065,36.01720583291322,53.95928232317648,0.1330528523866974,36.9275138657341,-1,-1,0,MIDDLE,0,BULLISH,0,NEUTRAL,0,NEUTRAL
2025-03-11,sh.600000,10.0400,10.1200,10.0300,10.1200,10.1000,35208198,354675246.8800,3,0.120000,1,0.198000,0,6.563494,1.739663,1.218207,0.464127,10.296,10.451,10.4075,10.410666666666668,11.119666666666667,10.378147858290719,10.5190235254957,10.888643750443253,10.900434286215008,10.4075,9.914565713784993,0.9858685724300145,0.20837897865903351,-0.14087566720498046,-0.1387395693707058,-0.002136097834274653,29.17578980410174,45.69811815015157,-3.8688668879979247,36.9275138657341,-1,0,0,MIDDLE,-1,BEARISH,0,NEUTRAL,0,NEUTRAL
2025-03-10,sh.600000,10.1000,10.1400,10.0100,10.1000,10.1400,43594496,438534235.8900,3,0.148500,1,-0.394500,0,6.550523,1.736225,1.215800,0.463210,10.196,10.4,10.4025,10.390333333333333,11.082833333333333,10.335355880092147,10.487984745829351,10.857716544543518,10.906207308495283,10.4025,9.898792691504717,1.007414616990566,0.19972641363527785,-0.15262886573720458,-0.14151742864400557,-0.011111437093199006,23.675878648743875,38.35737164968234,-5.687107353133058,36.46538336183151,-1,0,0,MIDDLE,0,BEARISH,0,NEUTRAL,0,NEUTRAL
2025-03-07,sh.600000,10.1500,10.1900,10.0600,10.1400,10.1300,37005882,374991809.2300,3,0.126100,1,0.098700,0,6.576465,1.743101,1.220615,0.465044,10.14,10.367,10.427,10.376,11.046500000000002,10.30530112930874,10.46220809799014,10.829570797698675,10.809738058014373,10.427,10.044261941985626,0.7654761160287471,0.12506994798356205,-0.15690696868140108,-0.1445953366514847,-0.012311632029916392,21.887205484139137,32.86731626116794,-0.07301606991848075,38.13297039721386,-1,0,0,MIDDLE,0,BEARISH,0,NEUTRAL,0,NEUTRAL
2025-03-06,sh.600000,10.2500,10.2600,10.0800,10.1300,10.2500,43499424,441681583.7600,3,0.148200,1,-1.170700,0,6.569980,1.741382,1.219411,0.464586,10.122,10.314,10.4095,10.353333333333333,11.01,10.278331724799703,10.437600090731612,10.802136648769315,10.813452837267947,10.4095,10.005547162732052,0.8079056745358955,0.15404377168094702,-0.15926836593190963,-0.14752994250756968,-0.01173842342433995,20.225273139660874,28.653301887332255,3.3692156443181176,37.86539554992297,-1,0,0,MIDDLE,0,BEARISH,0,NEUTRAL,0,NEUTRAL
2025-03-05,sh.600000,10.1400,10.2600,10.0500,10.2500,10.1000,41686357,424730035.9800,3,0.142000,1,1.485100,0,6.647808,1.762011,1.233856,0.470089,10.148,10.274,10.399,10.336666666666668,10.9745,10.27397299790744,10.423703787714457,10.780484231170519,10.808307502470855,10.399,9.989692497529143,0.8186150049417122,0.3179852566828917,-0.14973078980701615,-0.147970111967459,-0.001760677839557162,25.791207734132893,27.699270502932468,21.97508219653374,43.03130566503051,-1,0,0,MIDDLE,0,BEARISH,0,NEUTRAL,0,NEUTRAL
2025-03-04,sh.600000,10.1000,10.1900,10.1000,10.1000,10.1500,29769782,301634439.3500,3,0.101400,1,-0.492600,0,6.550523,1.736225,1.215800,0.463210,10.144,10.22,10.3865,10.319999999999999,10.933833333333334,10.247207921306297,10.399725729365239,10.753798575046185,10.816837688700133,10.3865,9.956162311299867,0.8606753774002662,0.1671218818117062,-0.152517808058942,-0.1488796511857556,-0.003638156873186388,23.444138489421913,26.280893165095616,17.770629138074504,38.699998786154886,-1,0,0,MIDDLE,0,BEARISH,0,NEUTRAL,0,NEUTRAL
2025-03-03,sh.600000,10.1900,10.2200,10.0800,10.1500,10.1700,43010899,436849849.8500,3,0.146500,1,-0.196700,0,6.582951,1.744820,1.221819,0.465503,10.154,10.175,10.372499999999999,10.309333333333335,10.8975,10.232252856489943,10.381227527190035,10.730120199554179,10.814927514134395,10.372499999999999,9.930072485865603,0.8848550282687917,0.24854638003773685,-0.14897467070009185,-0.14889865508862288,-7.60156114689714e-05,34.296092326281354,28.952626218824197,44.98302454119567,40.837680549118794,-1,0,0,MIDDLE,0,BEARISH,1,NEUTRAL,0,NEUTRAL
2025-02-28,sh.600000,10.2300,10.3000,10.1700,10.1700,10.2400,44651100,457102787.8200,3,0.152100,1,-0.683600,0,6.595922,1.748259,1.224226,0.466420,10.16,10.15,10.359,10.309,10.864166666666668,10.222675493953028,10.365581043694478,10.708154701532447,10.809164882073908,10.359,9.908835117926092,0.9003297641478163,0.2900769167851592,-0.14290554974144953,-0.14770003401918821,0.004794484277738681,41.254866148555344,33.05337286206792,57.65785272153019,41.71326287814928,-1,0,0,MIDDLE,1,BULLISH,0,NEUTRAL,0,NEUTRAL
2025-02-27,sh.600000,10.2200,10.2600,10.1100,10.2400,10.1800,37999169,387232885.4000,3,0.129500,1,0.589400,0,6.641322,1.760292,1.232653,0.469630,10.181999999999999,10.152000000000001,10.3435,10.314666666666666,10.831166666666666,10.225340802575639,10.356278744161555,10.689795693629215,10.787276852412141,10.3435,9.89972314758786,0.8875537048242812,0.38338733821127885,-0.1309379415859162,-0.1443476155325338,0.0134096739466176,53.940025708232255,40.01559047745603,81.78889616978469,44.792899410243365,-1,0,0,MIDDLE,0,BULLISH,0,NEUTRAL,0,NEUTRAL
2025-02-26,sh.600000,10.1500,10.3200,10.1200,10.1800,10.1000,55536705,567601087.6200,3,0.189200,1,0.792100,0,6.602408,1.749978,1.225430,0.466879,10.168,10.158,10.328999999999999,10.320666666666666,10.797666666666666,10.218365294487079,10.343221059408847,10.669803705643755,10.77432188240345,10.328999999999999,9.883678117596547,0.890643764806903,0.33270527916141285,-0.12485576492176875,-0.1404492454103808,0.01559348048861206,54.23958703129458,44.75692266206888,73.204915769746,42.70986789636847,-1,0,0,MIDDLE,0,BULLISH,0,NEUTRAL,0,NEUTRAL
2025-02-25,sh.600000,10.2000,10.2500,10.0700,10.1000,10.2100,37159866,377213136.9500,3,0.126600,1,-1.077400,0,6.550523,1.736225,1.215800,0.463210,10.168,10.156,10.3035,10.323666666666668,10.765166666666666,10.200155249181375,10.325204684637821,10.647458462285178,10.739379027157508,10.3035,9.867620972842492,0.8717580543150163,0.26656367097187295,-0.12504943545644664,-0.13736928341959398,0.012319847963147335,42.33256419370244,43.9488031726134,39.10008623588051,40.03645694505918,-1,0,0,MIDDLE,0,BULLISH,-1,NEUTRAL,0,NEUTRAL
2025-02-24,sh.600000,10.2700,10.3100,10.1900,10.2100,10.2900,43741415,447600690.0000,3,0.149000,1,-0.777500,0,6.621865,1.755135,1.229041,0.468255,10.18,10.167,10.2835,10.324000000000002,10.7315,10.201669826230395,10.31667100429428,10.630303228470073,10.696258372034047,10.2835,9.870741627965954,0.8255167440680928,0.4109648586438162,-0.11500117806388488,-0.13289566234845218,0.017894484284567302,47.97479588222143,45.290800742482745,53.3427861616988,45.12291974649385,-1,0,0,MIDDLE,0,BULLISH,1,NEUTRAL,0,NEUTRAL
2025-02-21,sh.600000,10.3900,10.4300,10.2300,10.2900,10.3900,50391537,519161892.6100,3,0.171700,1,-0.962500,0,6.673750,1.768887,1.238671,0.471924,10.204,10.181999999999999,10.2745,10.345333333333334,10.695833333333333,10.215259083733411,10.314695374346556,10.61695800382419,10.677879147753192,10.2745,9.871120852246808,0.8067582955063841,0.5192126936733515,-0.09943629061314496,-0.12620378800139076,0.026767497388245798,53.03582883376157,47.872476772909025,63.36253295546666,48.54166176075114,-1,0,0,MIDDLE,0,BULLISH,0,NEUTRAL,0,NEUTRAL
2025-02-20,sh.600000,10.4200,10.4900,10.3400,10.3900,10.4400,27223599,283297509.8500,3,0.092700,1,-0.478900,0,6.738607,1.786077,1.250709,0.476510,10.234,10.208000000000002,10.261,10.342333333333332,10.6645,10.242142301620579,10.320273494765331,10.608057689948732,10.626334741961665,10.261,9.895665258038333,0.7306694839233323,0.6765504141589921,-0.07813119314475259,-0.11658926903006313,0.03845807588531054,60.754044619333136,52.166332721717055,77.92946841456529,52.52320488179962,-1,0,0,MIDDLE,0,BULLISH,0,NEUTRAL,0,NEUTRAL
2025-02-19,sh.600000,10.4500,10.5900,10.4200,10.4400,10.5000,42364339,444710362.3200,3,0.144300,1,-0.571400,0,6.771035,1.794673,1.256728,0.478803,10.286,10.227,10.250499999999999,10.341666666666667,10.633999999999999,10.272581947525104,10.329142124782715,10.601467192303684,10.578971740352976,10.250499999999999,9.922028259647021,0.6569434807059551,0.7884570827864262,-0.05656017725761053,-0.10458345067557262,0.04802327341796209,64.22064513083744,56.18443685809052,80.29306167633126,54.422115477201665,1,1,0,MIDDLE,0,BULLISH,0,NEUTRAL,0,NEUTRAL
2025-02-18,sh.600000,10.2600,10.5400,10.2100,10.5000,10.2700,62783988,654395130.6400,3,0.213900,1,2.239500,0,6.809949,1.804987,1.263950,0.481555,10.366,10.267,10.243500000000001,10.346666666666666,10.609,10.307569340213549,10.3417982636877,10.597488086723148,10.541583351112594,10.243500000000001,9.945416648887408,0.5961667022251866,0.9302487861912032,-0.034228923474151074,-0.09051254523528832,0.05628362176113724,70.37786598466086,60.91557990028063,89.30243815342132,56.66215835238439,1,0,0,MIDDLE,0,BULLISH,0,NEUTRAL,0,NEUTRAL
2025-02-17,sh.600000,10.4400,10.4600,10.2000,10.2700,10.4100,52311132,538356330.5200,3,0.178200,1,-1.344900,0,6.660779,1.765449,1.236264,0.471006,10.378,10.279,10.227,10.341333333333333,10.5785,10.301789441719157,10.336479873784906,10.584645416655574,10.474182012631196,10.227,9.979817987368804,0.4943640252623922,0.5869804391150353,-0.03469043206574973,-0.07934812260138059,0.04465769053563086,59.739090143620025,60.52341664806043,58.17043713473922,47.104969585868865,1,0,0,MIDDLE,0,BULLISH,-1,NEUTRAL,0,NEUTRAL
2025-02-14,sh.600000,10.3500,10.4300,10.2500,10.4100,10.3100,56300581,581842513.4400,3,0.191800,1,0.969900,0,6.751578,1.789515,1.253117,0.477427,10.402,10.303,10.2265,10.340333333333335,10.547166666666666,10.31843721991621,10.341925809060099,10.577796576786728,10.47207344276094,10.2265,9.980926557239059,0.4911468855218821,0.8736153183685921,-0.02348858914388785,-0.06817621590988204,0.04468762676599419,61.620931890618486,60.88925506224645,63.084285547362555,52.37110955305681,1,0,0,MIDDLE,0,BULLISH,1,NEUTRAL,0,NEUTRAL
2025-02-13,sh.600000,10.3900,10.4400,10.3000,10.3100,10.4100,48454342,501218511.0600,3,0.165100,1,-0.960600,0,6.686722,1.772325,1.241079,0.472841,10.386,10.309999999999999,10.231,10.332333333333334,10.5165,10.317139186082949,10.339560934314905,10.567294750246072,10.479354585220381,10.231,9.982645414779618,0.4967091704407629,0.6590467917673005,-0.022421748231955974,-0.059025322374296835,0.03660357414234086,56.46523664502774,59.414582256506876,50.56654542206945,48.64566328629807,1,0,0,MIDDLE,0,BULLISH,-1,NEUTRAL,0,NEUTRAL
2025-02-12,sh.600000,10.3200,10.4200,10.2400,10.4100,10.3000,33100308,342797073.5200,3,0.112800,1,1.068000,0,6.751578,1.789515,1.253117,0.477427,10.38,10.333,10.2455,10.330333333333332,10.488666666666665,10.331425465147111,10.34477864288417,10.561126328667795,10.500345670533092,10.2455,9.990654329466908,0.5096913410661834,0.8227443488757248,-0.01335317773705924,-0.04989089344684932,0.03653771570979008,55.976824430018524,58.268662981010756,51.39314732803406,52.29985173966488,1,0,0,MIDDLE,0,BULLISH,0,NEUTRAL,0,NEUTRAL
2025-02-11,sh.600000,10.2900,10.3800,10.2300,10.3000,10.2700,34651727,356843469.5200,3,0.118100,1,0.292100,0,6.680236,1.770606,1.239875,0.472382,10.34,10.353,10.2545,10.319999999999999,10.465166666666669,10.326590778201401,10.341461706374231,10.550886080484744,10.503326720514684,10.2545,10.005673279485316,0.49765344102936737,0.591429087490858,-0.014870928172829423,-0.04288690039204534,0.028015972219215916,45.86489150035434,54.134072487458624,29.326529526145777,48.23406107666274,1,0,0,MIDDLE,0,BULLISH,0,NEUTRAL,0,NEUTRAL
2025-02-10,sh.600000,10.3200,10.4400,10.2300,10.2700,10.3400,41234671,426297964.4000,3,0.140500,1,-0.677000,0,6.660779,1.765449,1.236264,0.471006,10.34,10.359,10.263000000000002,10.308666666666666,10.439666666666666,10.317884504631955,10.336168246642806,10.539870940073579,10.500982750370005,10.263000000000002,10.025017249629999,0.4759655007400063,0.5147069482748532,-0.018283742010851256,-0.03796626871580652,0.019682526704955267,36.559500316475564,48.27588176379761,13.126737421831479,47.157330559107855,1,0,0,MIDDLE,0,BULLISH,0,NEUTRAL,0,NEUTRAL
2025-02-07,sh.600000,10.4300,10.4500,10.3000,10.3400,10.4300,45600119,472723880.7700,3,0.155400,1,-0.862900,0,6.706179,1.777482,1.244690,0.474217,10.326,10.364,10.273,10.304333333333334,10.418166666666666,10.32128688853473,10.33645208022482,10.532032863992264,10.505976167744318,10.273,10.040023832255681,0.46595233548863746,0.6437915316590016,-0.01516519169008923,-0.03340605331066306,0.018240861620573832,36.338812176795706,44.296858568130304,20.422719394126517,49.96403659287396,1,0,0,MIDDLE,0,BULLISH,0,NEUTRAL,0,NEUTRAL
2025-02-06,sh.600000,10.3800,10.5000,10.3000,10.4300,10.4100,38598431,400818916.7100,3,0.131500,1,0.192100,0,6.764550,1.792953,1.255524,0.478344,10.35,10.367999999999999,10.288,10.296666666666669,10.4025,10.338011982606309,10.343381555763722,10.528031575208253,10.520840582463823,10.288,10.055159417536178,0.4656811649276449,0.8049296615250966,-0.005369573157413043,-0.027798757280013058,0.022429184122600015,46.77489439237365,45.122870509544754,50.07894215803145,53.391747250522066,1,0,0,MIDDLE,0,BULLISH,1,NEUTRAL,0,NEUTRAL
2025-02-05,sh.600000,10.6600,10.6900,10.4000,10.4100,10.6500,51723455,542382244.5300,3,0.176200,1,-2.253500,0,6.751578,1.789515,1.253117,0.477427,10.35,10.364999999999998,10.296000000000001,10.288666666666666,10.389833333333334,10.349087062205339,10.34831625533678,10.5234028859844,10.534274498933671,10.296000000000001,10.057725501066331,0.47654899786734006,0.7392198924143659,0.0007708068685587932,-0.02208484445029869,0.022855651318857483,45.46897721396344,45.238239411017645,45.93045281985502,52.53054342219178,1,0,0,MIDDLE,0,BULLISH,0,NEUTRAL,0,NEUTRAL
2025-01-27,sh.600000,10.4200,10.7000,10.4000,10.6500,10.3900,59488208,632694603.2700,3,0.202700,1,2.502400,0,6.907234,1.830772,1.282007,0.488434,10.42,10.379999999999999,10.3235,10.289,10.384666666666666,10.395381360327594,10.370663199385907,10.528367478690894,10.591614272573992,10.3235,10.055385727426007,0.5362285451479849,1.1088821696537914,0.024718160941686662,-0.01272424337190162,0.03744240431358828,60.09988551852888,50.19212144685472,79.9154136618772,60.718660387909495,1,0,-1,UPPER,0,BULLISH,0,NEUTRAL,0,NEUTRAL
2025-01-24,sh.600000,10.2600,10.4900,10.1700,10.3900,10.3100,72463834,752560118.1100,3,0.246900,1,0.775900,0,6.738607,1.786077,1.250709,0.476510,10.443999999999999,10.392,10.3355,10.282,10.377333333333333,10.394553458738734,10.372095554986952,10.522941303055958,10.592156641408192,10.3355,10.078843358591808,0.5133132828163838,0.6061729782268189,0.022457903751782027,-0.0056878139471648916,0.02814571769894692,53.903068333107356,51.42910374227227,58.850997514777546,50.5466080734812,1,0,0,MIDDLE,0,BULLISH,0,NEUTRAL,0,NEUTRAL
2025-01-23,sh.600000,10.1100,10.3700,10.0600,10.3100,10.0300,65580692,670951809.4200,3,0.223400,1,2.791600,0,6.686722,1.772325,1.241079,0.472841,10.437999999999999,10.382000000000001,10.3425,10.278333333333334,10.370166666666668,10.381545234317391,10.367495884247177,10.514590663720432,10.58752416636987,10.3425,10.09747583363013,0.4900483327397396,0.4336800110750314,0.014049350070214572,-0.0017403811436889987,0.01578973121390357,48.9562122220716,50.60480656887205,45.6590235284707,47.88823136107793,1,0,0,MIDDLE,0,BULLISH,-1,NEUTRAL,0,NEUTRAL
2025-01-22,sh.600000,10.3300,10.3800,10.0100,10.0300,10.3700,58374206,589944613.7000,3,0.198900,1,-3.278700,0,6.505123,1.724192,1.207374,0.459999,10.358,10.354000000000001,10.332,10.271999999999998,10.360833333333334,10.327461352114716,10.342496189117757,10.495587108280414,10.611141541157863,10.332,10.052858458842138,0.5582830823157252,-0.04094420835272894,-0.01503483700304109,-0.004399272315559417,-0.010635564687481672,33.60365838959361,44.93775717577924,10.93546081722235,39.96568948010384,1,0,1,LOWER,-1,BEARISH,0,NEUTRAL,0,NEUTRAL
2025-01-21,sh.600000,10.3600,10.4800,10.2700,10.3700,10.3700,30852134,320946733.2000,3,0.105100,1,0.000000,0,6.725636,1.782639,1.248301,0.475593,10.35,10.35,10.3415,10.280333333333333,10.354666666666667,10.334005759481682,10.344533508442368,10.490662123641966,10.611648107526198,10.3415,10.071351892473801,0.5402962150523969,0.5527488425904213,-0.010527748960685201,-0.005624967644584575,-0.004902781316100627,39.79374327422181,43.2230858752601,32.93505807214524,50.643569944429906,1,0,0,MIDDLE,0,BEARISH,0,NEUTRAL,0,NEUTRAL
2025-01-20,sh.600000,10.3200,10.4500,10.2300,10.3700,10.2700,37442622,388948241.4700,3,0.127600,1,0.973700,0,6.725636,1.782639,1.248301,0.475593,10.294,10.357,10.355,10.288666666666666,10.349666666666668,10.339543334946038,10.346419915224415,10.485930275656006,10.600163747642021,10.355,10.10983625235798,0.49032749528404196,0.530591798633094,-0.006876580278376565,-0.005875290171342973,-0.0010012901070335922,43.92046653064061,43.455546093720265,44.850307404481285,50.643569944429906,-1,-1,0,MIDDLE,0,BEARISH,1,NEUTRAL,0,NEUTRAL
2025-01-17,sh.600000,10.2500,10.3000,10.0800,10.2700,10.2100,41663218,426549432.1800,3,0.141900,1,0.587700,0,6.660779,1.765449,1.236264,0.471006,10.27,10.357,10.358,10.294333333333334,10.342333333333332,10.328844360338955,10.340759180763346,10.477462421708712,10.597085978809181,10.358,10.11891402119082,0.4781719576183612,0.3159657867887026,-0.011914820424390626,-0.007083196221952503,-0.004831624202438123,41.84069749385702,42.917263227099184,39.6875660273727,47.746760747776655,-1,0,0,MIDDLE,0,BEARISH,-1,NEUTRAL,0,NEUTRAL
