date,code,open,high,low,close,preclose,volume,amount,adjustflag,turn,tradestatus,pctChg,isST,peTTM,psTTM,pcfNcfTTM,pbMRQ,MACD,MACD_Signal,MACD_Histogram,EMA12,EMA26,BOLL_MID,BOLL_UPPER,BOLL_LOWER,BOLL_WIDTH,BOLL_PB
2025-06-20,sz.002173,13.9600,14.3400,12.8400,13.05,13.5900,153384428,2071297060.9800,3,36.844300,1,-3.973500,0,-54.890516,7.127102,-14.912827,3.267826,0.0,0.0,0.0,13.05,13.05,13.05,,,,
2025-06-19,sz.002173,12.2900,13.5900,12.0000,13.59,12.3500,132299512,1744817901.7500,3,31.779500,1,10.040500,0,-57.161847,7.422017,-15.529910,3.403046,0.043076923076924345,0.00861538461538487,0.03446153846153947,13.133076923076924,13.09,13.32,14.08367532368147,12.55632467631853,1.5273506473629404,0.6767766952966369
2025-06-18,sz.002173,13.0900,13.9000,12.3400,12.35,12.6400,153043763,2015963658.9500,3,36.762500,1,-2.294300,0,-51.946197,6.744805,-14.112905,3.092540,-0.02258163488932574,0.0023759807144427478,-0.02495761560376849,13.012603550295859,13.035185185185185,12.996666666666668,14.240102766083655,11.75323056724968,2.486872198833975,0.2399678733109517
2025-06-17,sz.002173,12.6400,12.6400,12.6400,12.64,11.4900,24126051,304953284.6400,3,5.795300,1,10.008700,0,-53.165986,6.903185,-14.444302,3.165158,-0.050632281331381535,-0.008225671694722108,-0.042406609636659424,12.95527992717342,13.005912208504801,12.9075,13.983588596104738,11.831411403895263,2.152177192209475,0.3757072600860627
2025-06-16,sz.002173,11.4900,11.9800,11.4100,11.49,10.9700,70198900,816376114.4900,3,16.862400,1,4.740200,0,-48.328891,6.275127,-13.130144,2.877189,-0.16377016921240717,-0.03933457119825912,-0.12443559801414805,12.729852246069816,12.893622415282223,12.624,14.197505640282232,11.050494359717769,3.147011280564463,0.1396581076771353
2025-06-13,sz.002173,11.4500,11.5300,10.8200,10.97,11.5000,49092000,545051754.9800,3,11.792300,1,-4.608700,0,-46.141683,5.991135,-12.535917,2.746977,-0.29202611932759837,-0.08987288082412698,-0.2021532385034714,12.45910574667446,12.751131866002059,12.348333333333334,14.298858049061556,10.397808617605113,3.9010494314564426,0.14667627069295092
2025-06-12,sz.002173,11.0400,11.9800,11.0000,11.5,11.1300,64880434,748312573.9800,3,15.584900,1,3.324300,0,-48.370953,6.280588,-13.141572,2.879693,-0.34690441506653613,-0.14127918767260883,-0.2056252273939273,12.311551016416852,12.658455431483388,12.227142857142857,14.119679577551533,10.33460613673418,3.785073440817353,0.30789200830252933
2025-06-11,sz.002173,11.4000,11.4900,11.0800,11.13,11.3900,45987100,515062563.0000,3,11.046500,1,-2.282700,0,-46.814670,6.078517,-12.718756,2.787042,-0.41546257366466044,-0.19611586487101917,-0.21934670879364127,12.129773936968105,12.545236510632765,12.09,14.006216510284187,10.173783489715813,3.8324330205683736,0.24950638540902012
2025-06-10,sz.002173,11.5700,12.0800,11.2100,11.39,11.5700,65932451,770594632.6500,3,15.837600,1,-1.555700,0,-47.908274,6.220513,-13.015870,2.852148,-0.4437008737211432,-0.245632866641044,-0.1980680070800992,12.015962562049936,12.459663435771079,12.012222222222222,13.864431113729271,10.160013330715174,3.7044177830140974,0.33203238439376265
2025-06-09,sz.002173,11.4100,11.7500,11.3400,11.57,11.6100,56118985,647509632.4000,3,13.480300,1,-0.344500,0,-48.665384,6.318818,-13.221564,2.897222,-0.4464095034095994,-0.2857881939947551,-0.16062130941484432,11.947352937119177,12.393762440528777,11.968,13.736534861277987,10.199465138722013,3.537069722555973,0.3874774796035417
2025-06-06,sz.002173,11.3900,11.7000,11.1700,11.61,11.3900,76064551,869814391.1100,3,18.271400,1,1.931500,0,-48.833631,6.340663,-13.267274,2.907238,-0.4402534781978815,-0.3166812508353804,-0.12357222736250112,11.895452485254689,12.33570596345257,11.935454545454546,13.627065934311066,10.243843156598025,3.3832227777130406,0.4038033949172736
2025-06-05,sz.002173,11.6500,11.7400,11.2700,11.39,11.6200,54546901,624321874.8900,3,13.102600,1,-1.979300,0,-47.908274,6.220513,-13.015870,2.852148,-0.4479631054172142,-0.3429376217517472,-0.10502548366546699,11.817690564446275,12.26565366986349,11.89,13.533344704613677,10.246655295386324,3.2866894092273533,0.34787123523255525
2025-06-04,sz.002173,11.8900,12.0400,11.5600,11.62,12.1200,74791723,874282288.4300,3,17.965600,1,-4.125400,0,-48.875693,6.346125,-13.278701,2.909742,-0.430550840641283,-0.3604602655296544,-0.07009057511162864,11.78727663145454,12.217827472095824,11.86923076923077,13.449725660891005,10.288735877570534,3.1609897833204705,0.42115419969217194
2025-06-03,sz.002173,11.6200,12.7700,11.4500,12.12,11.6200,131337222,1608658216.0100,3,31.548400,1,4.302900,0,-50.978778,6.619194,-13.850074,3.034946,-0.37211615068132176,-0.36279144255998785,-0.009324708121333902,11.838464841999997,12.210580992681319,11.887142857142859,13.411537891174463,10.362747823111254,3.0487900680632087,0.5763769028561112
2025-05-30,sz.002173,10.5600,11.6200,10.5200,11.62,10.5600,125800285,1433525135.4500,3,30.218300,1,10.037900,0,-48.875693,6.346125,-13.278701,2.909742,-0.3619793861750118,-0.3626290312829926,0.000649645107980823,11.80485486630769,12.166834252482701,11.869333333333334,13.34474062173429,10.393926044932376,2.950814576801914,0.4155035577994327
2025-05-29,sz.002173,10.2600,10.6900,10.2300,10.56,10.3700,40278000,423826569.9300,3,9.675100,1,1.832200,0,-44.417153,5.767218,-12.067391,2.644310,-0.4344707600099529,-0.3769973770283847,-0.05747338298156818,11.613338733029584,12.047809493039537,11.7875,13.356032222599628,10.21896777740037,3.1370644451992575,0.10871062056806685
2025-05-28,sz.002173,10.2700,10.5000,10.1700,10.37,10.2700,33319896,343760909.5100,3,8.003700,1,0.973700,0,-43.617981,5.663452,-11.850270,2.596732,-0.501471457344909,-0.4018921930916896,-0.09957926425321945,11.422055851025032,11.923527308369941,11.704117647058823,13.371241799957001,10.036993494160644,3.3342483057963577,0.09987453701646841
2025-05-27,sz.002173,10.4200,10.4200,10.1500,10.27,10.4200,28446900,291861327.0000,3,6.833200,1,-1.439500,0,-43.197364,5.608838,-11.735995,2.571691,-0.5562273147173684,-0.43275921741682544,-0.12346809730054298,11.244816489328873,11.801043804046241,11.624444444444444,13.377401236935311,9.871487651953577,3.5059135849817338,0.11366861686309887
2025-05-26,sz.002173,10.1900,10.6800,10.0100,10.42,10.2000,36755800,379889762.0000,3,8.829100,1,2.156900,0,-43.828289,5.690759,-11.907407,2.609252,-0.5808226181890408,-0.4623718975712685,-0.11845072061777229,11.117921644816738,11.698744263005779,11.561052631578947,13.352016304352066,9.770088958805829,3.5819273455462373,0.181441715171099
2025-05-23,sz.002173,10.2800,10.5500,10.1600,10.2,10.3300,41012000,423303578.0600,3,9.851400,1,-1.258500,0,-42.902932,5.570608,-11.656003,2.554163,-0.6110232392202484,-0.4921021659010645,-0.11892107331918389,10.976702930229546,11.587726169449795,11.493,13.33940874758486,9.64659125241514,3.69281749516972,0.14986084427641735
2025-05-22,sz.002173,10.3000,10.8400,10.1800,10.33,10.5500,52752401,552724338.6500,3,12.671600,1,-2.085300,0,-43.449734,5.641606,-11.804560,2.586716,-0.6173510962763764,-0.517151951976127,-0.10019914430024945,10.877210171732692,11.494561268009068,11.357,13.119308294912042,9.594691705087957,3.5246165898240847,0.20862078928952174
2025-05-21,sz.002173,10.9000,11.7300,10.5500,10.55,10.7000,85481416,947453237.6600,3,20.533400,1,-1.401900,0,-44.375091,5.761757,-12.055964,2.641805,-0.5977236213627855,-0.5332662858534587,-0.06445733550932675,10.826870145312277,11.424593766675063,11.205000000000002,12.652691447206825,9.757308552793178,2.895382894413647,0.27377776139254034
2025-05-20,sz.002173,10.1000,10.7000,9.9800,10.7,10.2000,50045200,511096364.0000,3,12.021300,1,4.902000,0,-45.006017,5.843677,-12.227376,2.679367,-0.5635684929106812,-0.5393267272649032,-0.02424176564577807,10.80735166141808,11.370920154328761,11.122499999999999,12.480747710141731,9.764252289858266,2.716495420283465,0.34446872361893704
2025-05-19,sz.002173,10.1500,10.2800,10.0000,10.2,9.9900,36683200,371494730.0000,3,8.811600,1,2.102100,0,-42.902932,5.570608,-11.656003,2.554163,-0.5702723838053494,-0.5455158585729925,-0.02475652523235694,10.713912944276837,11.284185328082186,11.000499999999999,12.215623558802925,9.785376441197073,2.4302471176058518,0.17060962887238854
2025-05-16,sz.002173,10.0800,10.1000,9.9000,9.99,10.0800,26340700,263144149.0000,3,6.327300,1,-0.892900,0,-42.019636,5.455919,-11.416026,2.501577,-0.5857780261438457,-0.5535682920871631,-0.03220973405668259,10.602541722080401,11.188319748224247,10.9255,12.197257590274596,9.653742409725403,2.5435151805491927,0.13220191994371847
2025-05-15,sz.002173,10.1000,10.2900,9.8900,10.08,10.1800,38854751,392388293.6100,3,9.333300,1,-0.982300,0,-42.398191,5.505072,-11.518873,2.524114,-0.5840713011823411,-0.5596688939061987,-0.0244024072761424,10.522150687914184,11.106221989096525,10.881,12.20731503759377,9.554684962406231,2.6526300751875382,0.19803554310400018
2025-05-14,sz.002173,10.1800,10.5500,10.1200,10.18,10.2700,56013700,576858883.0000,3,13.455000,1,-0.876300,0,-42.818808,5.559686,-11.633148,2.549155,-0.568100832324383,-0.5613552815898355,-0.006745550734547523,10.46951212054277,11.037612952867153,10.815,12.142990171174784,9.487009828825215,2.6559803423495687,0.2609169051913021
2025-05-13,sz.002173,10.1300,10.7800,9.9300,10.27,9.9400,65555001,674606889.6600,3,15.746900,1,3.319900,0,-43.197364,5.608838,-11.735995,2.571691,-0.5419347859846777,-0.557471182468804,0.015536396484126302,10.438817948151575,10.980752734136253,10.772,12.112676969609792,9.431323030390208,2.6813539392195835,0.312781150351934
2025-05-12,sz.002173,10.0000,10.1500,9.7600,9.94,9.6900,44547301,442403536.9500,3,10.700700,1,2.580000,0,-41.809328,5.428613,-11.358889,2.489057,-0.5415832136560237,-0.554293588706248,0.01271037505022432,10.362076725359026,10.90365993901505,10.699499999999999,12.056190633005254,9.342809366994743,2.7133812660105114,0.22009093984912295
2025-05-09,sz.002173,10.0800,10.1800,9.6800,9.69,10.0200,44424151,436130443.2800,3,10.671100,1,-3.293400,0,-40.757785,5.292078,-11.073203,2.426455,-0.5550788967186904,-0.5544506503087365,-0.0006282464099538476,10.258680306073023,10.813759202791713,10.6055,11.968738790527906,9.242261209472092,2.726477581055814,0.1642187684354708
2025-05-08,sz.002173,10.0200,10.5900,10.0000,10.02,10.1100,78228989,801752408.9000,3,18.791300,1,-0.890200,0,-42.145821,5.472304,-11.450309,2.509089,-0.5330019658222778,-0.5501609134114448,0.01715894758916703,10.221960258984865,10.754962224807143,10.526,11.826597433570633,9.225402566429366,2.601194867141267,0.3054740125809574
2025-05-07,sz.002173,9.8800,10.5900,9.8800,10.11,9.6300,103414740,1066722380.3600,3,24.841100,1,4.984400,0,-42.524377,5.521456,-11.553156,2.531626,-0.502451641435373,-0.5406190590162305,0.03816741758085751,10.204735603756426,10.707187245191799,10.462,11.70842815994133,9.21557184005867,2.4928563198826588,0.35879651498864995
2025-05-06,sz.002173,9.4000,9.7500,9.3300,9.63,9.1600,46301477,442159295.4400,3,11.122000,1,5.131000,0,-40.505415,5.259310,-11.004638,2.411430,-0.5110808557597615,-0.5347114183649367,0.023630562605175265,10.116314741640052,10.627395597399813,10.3625,11.535240829267734,9.189759170732268,2.3454816585354656,0.18769740861781975
2025-04-30,sz.002173,8.9600,9.3600,8.9600,9.16,8.9600,31093869,284607068.3000,3,7.469000,1,2.232100,0,-38.528515,5.002625,-10.467548,2.293738,-0.5495102304496999,-0.5376711807818895,-0.011839049667810464,9.96918939677235,10.51869962722205,10.2145,11.182612107470808,9.24638789252919,1.9362242149416176,-0.04461667810088572
2025-04-29,sz.002173,8.7600,9.0600,8.6300,8.96,8.7200,23276001,206820567.8000,3,5.591100,1,2.752300,0,-37.687281,4.893397,-10.238999,2.243657,-0.5893109059993691,-0.5479991258253855,-0.041311780173983625,9.813929489576603,10.403240395575972,10.0815,10.963657045333523,9.199342954666477,1.764314090667046,-0.13565779241494708
2025-04-28,sz.002173,8.7800,8.8900,8.5500,8.72,8.9100,21491100,186699564.0000,3,5.162400,1,-2.132400,0,-36.677801,4.762324,-9.964740,2.183559,-0.6329232768032469,-0.5649839560209577,-0.06793932078228915,9.645632645026357,10.278555921829604,9.9895,11.030945857298498,8.948054142701501,2.0828917145969967,-0.10948919768766044
2025-04-25,sz.002173,8.9600,9.2000,8.9000,8.91,8.7900,21571200,194681884.0000,3,5.181600,1,1.365200,0,-41.848589,4.818325,-29.896268,2.213629,-0.6447230171561067,-0.5809317682479875,-0.06379124890811916,9.532458391945378,10.177181409101484,9.916500000000001,11.046554027585916,8.786445972414086,2.2601080551718304,0.05466730995590424
2025-04-24,sz.002173,9.1000,9.1500,8.7800,8.79,9.0800,24056550,214848367.0000,3,5.778600,1,-3.193800,0,-41.284971,4.753431,-29.493624,2.183816,-0.6561932066957414,-0.5959840559375383,-0.0602091507582031,9.418234023953781,10.074427230649523,9.8425,11.065126594457062,8.619873405542936,2.4452531889141262,0.06957422455406825
2025-04-23,sz.002173,9.1000,9.1600,9.0000,9.08,9.0200,20258200,183912366.0000,3,4.866200,1,0.665200,0,-42.647047,4.910257,-30.466679,2.255864,-0.6345679340365287,-0.6037008315573364,-0.03086710247919222,9.366198020268584,10.000765954305113,9.7755,11.01166512267832,8.539334877321679,2.472330245356641,0.21868644922892527
2025-04-22,sz.002173,9.1500,9.2000,8.9900,9.02,9.2500,25217000,228961844.0000,3,6.057300,1,-2.486500,0,-42.365238,4.877810,-30.265357,2.240958,-0.6151798379754752,-0.6059966328409642,-0.009183205134510986,9.31293678638111,9.928116624356585,9.7165,10.979700196660092,8.453299803339908,2.526400393320184,0.22431131587789885
2025-04-21,sz.002173,9.1600,9.3400,8.9500,9.25,9.2100,33554801,307052116.0800,3,8.060200,1,0.434300,0,-43.445505,5.002189,-31.037091,2.298100,-0.5746315594321949,-0.5997236181592103,0.025092058727015365,9.30325420386094,9.877885763293135,9.6625,10.90747939107863,8.41752060892137,2.4899587821572595,0.33433460708027607
2025-04-18,sz.002173,8.9600,9.4700,8.7600,9.21,8.9000,45567607,416402966.2000,3,10.945700,1,3.483100,0,-43.257632,4.980558,-30.902876,2.288162,-0.5395053405229913,-0.5876799626319664,0.04817462210897516,9.288907403266949,9.82841274378994,9.5955,10.782242112720894,8.408757887279105,2.373484225441789,0.3375805510448491
2025-04-17,sz.002173,8.8700,9.1900,8.8300,8.9,9.1100,31006855,278806135.1500,3,7.448100,1,-2.305200,0,-41.801621,4.812917,-29.862714,2.211145,-0.5305659343630964,-0.5762571569781925,0.04569122261509606,9.229075495072033,9.75964142943513,9.505500000000001,10.609702021943063,8.40129797805694,2.208404043886123,0.22582009996028435
2025-04-16,sz.002173,8.8300,9.5100,8.7100,9.11,8.8500,48656408,443547538.4400,3,11.687700,1,2.937900,0,-42.787951,4.926480,-30.567340,2.263318,-0.5007636539316884,-0.5611584563688916,0.06039480243720319,9.210756188137875,9.711519842069563,9.451,10.517837924848346,8.384162075151655,2.13367584969669,0.34018190952085087
2025-04-15,sz.002173,8.9300,8.9300,8.7400,8.85,8.9100,16051402,141683299.5900,3,3.855700,1,-0.673400,0,-41.566780,4.785878,-29.694946,2.198722,-0.49244832135515537,-0.5474164293661444,0.05496810801098906,9.155255236116663,9.647703557471818,9.394,10.461400186384996,8.326599813615005,2.134800372769991,0.2451752365519132
2025-04-14,sz.002173,8.9000,9.0500,8.8000,8.91,8.7700,28108201,251077322.8600,3,6.751800,1,1.596400,0,-41.848589,4.818325,-29.896268,2.213629,-0.4755351881814587,-0.5330401811292074,0.05750499294774869,9.117523661329484,9.593058849510943,9.3355,10.372407852577473,8.298592147422527,2.0738157051549457,0.2948226551943254
2025-04-11,sz.002173,8.5800,9.0100,8.5000,8.77,8.7400,32211999,283150180.2500,3,7.749100,1,0.343200,0,-80.765776,4.784811,-8.527396,2.100661,-0.46803304466153683,-0.5200387538356732,0.05200570917413638,9.064058482663409,9.532091527324946,9.265,10.250612286321223,8.279387713678778,1.9712245726424449,0.24888705890245225
2025-04-10,sz.002173,8.6000,8.8700,8.5300,8.74,8.4800,39384200,344095456.0000,3,9.474500,1,3.066000,0,-80.489496,4.768444,-8.498226,2.093475,-0.4592147493720091,-0.5078739529429404,0.04865920357093123,9.014203331484422,9.473418080856431,9.188500000000001,10.078544942685468,8.298455057314534,1.7800898853709342,0.24804643086517913
2025-04-09,sz.002173,8.1600,8.6200,7.5500,8.48,8.3900,47277499,381270138.6300,3,11.373400,1,1.072700,0,-78.095072,4.626591,-8.245418,2.031197,-0.4678133527848054,-0.4998618329113134,0.03204848012650802,8.932018203563741,9.399831556348547,9.1155,9.985284607335558,8.245715392664444,1.7395692146711141,0.13467966974792142
2025-04-08,sz.002173,8.3000,8.6600,8.2100,8.39,8.4900,40831000,342871276.0000,3,9.822500,1,-1.177900,0,-77.266233,4.577488,-8.157908,2.009640,-0.47639843121038794,-0.49516915257112837,0.018770721360740428,8.848630787630858,9.325029218841246,9.050500000000001,9.933711246114502,8.1672887538855,1.766422492229001,0.12608039531554335
2025-04-07,sz.002173,8.8200,9.0200,8.4900,8.49,9.4300,24633255,211604827.5000,3,5.925900,1,-9.968200,0,-78.187165,4.632046,-8.255141,2.033593,-0.4697183823277502,-0.49007899852245274,0.02036061619470253,8.793456820303033,9.263175202630784,8.974,9.763734132477484,8.184265867522516,1.5794682649549685,0.19356775901173356
2025-04-03,sz.002173,9.4200,9.7800,9.3000,9.43,9.5800,35428100,336017718.0000,3,8.522800,1,-1.565800,0,-86.843930,5.144900,-9.169138,2.258749,-0.3841460547720903,-0.4688924097723803,0.08474635500028999,8.891386540256413,9.275532595028503,8.940000000000001,9.56522417032442,8.314775829675582,1.2504483406488376,0.8918594507836648
2025-04-02,sz.002173,9.6600,9.9500,9.5700,9.58,10.0400,64578800,628234475.0000,3,15.535500,1,-4.581700,0,-88.225329,5.226738,-9.314989,2.294678,-0.30075866361284653,-0.43526566054047355,0.13450699692762702,8.997327072524657,9.298085736137503,8.937500000000002,9.551404672867363,8.32359532713264,1.2278093457347232,1.0232897128792624
2025-04-01,sz.002173,9.5800,10.3300,9.4300,10.04,9.3900,93322301,938141982.7500,3,22.450200,1,6.922300,0,-92.461618,5.477709,-9.762264,2.404861,-0.19530405613921786,-0.3872733396602225,0.19196928352100462,9.157738292136248,9.353042348275466,8.9815,9.765209801285874,8.197790198714127,1.5674196025717464,1.175313743852165
2025-03-31,sz.002173,9.0400,9.5800,8.8400,9.39,9.1400,51999300,479484012.0000,3,12.509300,1,2.735200,0,-86.475557,5.123076,-9.130245,2.249168,-0.16230908953008694,-0.3422804896341954,0.17997140010410845,9.193470862576826,9.355779952106912,9.003,9.807542367468983,8.198457632531017,1.6090847349379658,0.7405093974214604
2025-03-28,sz.002173,9.3800,9.3900,9.1400,9.14,9.4100,29483101,272419097.2900,3,7.092600,1,-2.869300,0,-84.173226,4.986679,-8.887160,2.189286,-0.1545516759242993,-0.3047347268922162,0.1501830509679169,9.185244576026545,9.339796251950844,9.024000000000001,9.819312583367775,8.228687416632226,1.590625166735549,0.5729273008034113
2025-03-27,sz.002173,9.5500,9.6000,9.3200,9.41,9.5700,32895548,310806750.9300,3,7.913500,1,-1.671900,0,-86.659744,5.133988,-9.149691,2.253959,-0.1251741960231918,-0.26882262071841134,0.14364842469521955,9.219822333560922,9.344996529584114,9.049,9.86049374936787,8.237506250632128,1.6229874987357427,0.7224293164803848
2025-03-26,sz.002173,9.5500,9.7200,9.4500,9.57,9.5900,43783800,420115314.1000,3,10.532900,1,-0.208600,0,-88.133236,5.221282,-9.305265,2.292283,-0.08796763261322837,-0.23265162309737475,0.14468399048414637,9.273695820705395,9.361663453318624,9.088,9.921751193481333,8.254248806518666,1.667502386962667,0.7890550584925744
2025-03-25,sz.002173,9.5900,10.0800,9.5900,9.59,10.6500,99252141,963225471.7300,3,23.876700,1,-9.953100,0,-88.317422,5.232194,-9.324712,2.297074,-0.05621926945598332,-0.1973651523690965,0.14114588291311317,9.322358002135335,9.378577271591318,9.1135,9.97689050139245,8.25010949860755,1.7267810027849002,0.7759469783553994
2025-03-24,sz.002173,10.6500,10.9500,10.6500,10.65,11.8300,18089100,192886001.0000,3,4.351600,1,-9.974600,0,-98.079306,5.810518,-10.355389,2.550973,0.05385388423651172,-0.14712134504797486,0.20097522928448658,9.526610617191437,9.472756732954926,9.195,10.296205081526109,8.093794918473892,2.2024101630522175,1.1606398864340435
2025-03-21,sz.002173,12.8300,12.8500,11.8200,11.83,12.4400,88027301,1071541963.9500,3,21.176400,1,-4.903500,0,-108.946309,6.454312,-11.502747,2.833616,0.23361086921796748,-0.07097490219478639,0.3045857714127539,9.880978214546602,9.647367345328634,9.324,10.937592265722659,7.710407734277341,3.2271845314453174,1.2765282634388653
2025-03-20,sz.002173,11.9800,13.2900,11.7800,12.44,12.2900,143624817,1771047133.8400,3,34.551200,1,1.220500,0,-114.563997,6.787121,-12.095872,2.979728,0.42044485039468427,0.027309048323107744,0.3931358020715765,10.274673873847124,9.85422902345244,9.485499999999998,11.615105597287906,7.3558944027120905,4.2592111945758155,1.193673045319427
2025-03-19,sz.002173,11.1500,12.2900,11.1300,12.29,11.1700,132564254,1600049482.7700,3,31.890400,1,10.026900,0,-113.182598,6.705283,-11.950022,2.943799,0.5500675439047082,0.13186074743942786,0.41820679646528036,10.584724047101412,10.034656503196704,9.655,12.104064268138686,7.205935731861313,4.8981285362773725,1.0379605660578737
2025-03-18,sz.002173,11.0300,11.2800,10.8400,11.17,10.9100,60314336,668034570.3100,3,14.509600,1,2.383100,0,-102.868155,6.094224,-10.861004,2.675528,0.5560104799150736,0.21669069393455703,0.33931978598051654,10.674766501393503,10.11875602147843,9.758,12.282662353662365,7.233337646337633,5.0493247073247325,0.779641354407591
2025-03-17,sz.002173,11.1600,11.3200,10.8500,10.91,11.2400,55026212,606092032.3800,3,13.237400,1,-2.935900,0,-100.473731,5.952371,-10.608197,2.613251,0.533589583855786,0.28007047191880285,0.2535191119369832,10.710956270409888,10.177366686554102,9.861,12.39774387230643,7.324256127693571,5.073487744612859,0.7067611183477975
2025-03-14,sz.002173,11.5700,11.6000,10.9000,11.24,11.4200,80568493,898045908.0700,3,19.382000,1,-1.576200,0,-103.512808,6.132415,-10.929068,2.692295,0.5362673480958797,0.33130984715421824,0.20495750094166149,10.79234761342375,10.25608026532787,9.977500000000001,12.544184324386746,7.4108156756132555,5.133368648773491,0.7459398664659798
2025-03-13,sz.002173,11.2900,11.9300,11.1200,11.42,11.4100,133316903,1528162135.8600,3,32.071500,1,0.087600,0,-105.170486,6.230621,-11.104089,2.735410,0.5466129770806134,0.37437047313949734,0.17224250394111607,10.888909519050864,10.342296541970251,10.11,12.687799959573855,7.532200040426145,5.15559991914771,0.7540926411172263
2025-03-12,sz.002173,10.4000,11.4100,10.2700,11.41,10.3700,103132301,1139729310.8600,3,24.810100,1,10.028900,0,-105.078393,6.225165,-11.094365,2.733015,0.54769159834124,0.4090346981798459,0.13865690016139415,10.969077285350732,10.421385687009492,10.243500000000001,12.79901642736382,7.687983572636181,5.11103285472764,0.7282317553331714
2025-03-11,sz.002173,9.8800,11.1000,9.8700,10.37,10.1800,56212939,588195712.1300,3,13.522900,1,1.866400,0,-95.500695,5.657753,-10.083135,2.483905,0.4593322093193226,0.41909420040774126,0.04023800891158136,10.876911549142926,10.417579339823604,10.338,12.754962861461516,7.921037138538482,4.833925722923034,0.5066198783006227
2025-03-10,sz.002173,10.4800,10.5500,10.0600,10.18,10.1500,41662120,426124442.4000,3,10.022500,1,0.295600,0,-93.750924,5.554091,-9.898391,2.438395,0.3697135175292825,0.40921806383204956,-0.03950454630276706,10.769694387736322,10.39998087020704,10.427499999999998,12.666775023658099,8.188224976341898,4.478550047316201,0.44473657827083685
2025-03-07,sz.002173,10.2400,10.5000,10.0400,10.15,10.3500,42491600,435546762.0000,3,10.222000,1,-1.932400,0,-93.474644,5.537723,-9.869221,2.431209,0.2928930209128193,0.38595305524820356,-0.09306003433538423,10.674356789623042,10.381463768710223,10.5105,12.56263598605531,8.45836401394469,4.10427197211062,0.4121646902423445
2025-03-06,sz.002173,9.8800,10.4700,9.8200,10.35,9.8500,56352201,572631405.2500,3,13.556400,1,5.076100,0,-95.316509,5.646841,-10.063688,2.479115,0.24532262588951959,0.3578269693764668,-0.11250434348694721,10.624455745065651,10.379133119176132,10.5565,12.546974949934269,8.566025050065731,3.9809498998685378,0.44812795810195466
2025-03-05,sz.002173,9.9800,10.0900,9.7200,9.85,9.8800,29466800,291317834.0000,3,7.088700,1,-0.303600,0,-90.711847,5.374047,-9.577520,2.359351,0.16537063405201025,0.3193357023115755,-0.15396506825956524,10.505308707363243,10.339938073311233,10.569999999999999,12.536102208619093,8.603897791380904,3.9322044172381894,0.31689659956546823
2025-03-04,sz.002173,9.4200,9.9400,9.3500,9.88,9.5300,36103273,352564862.9300,3,8.685200,1,3.672600,0,-90.988126,5.390414,-9.606690,2.366537,0.10323878136960651,0.2761163181231817,-0.1728775367535752,10.409107367768897,10.30586858639929,10.562000000000001,12.538457223897037,8.585542776102965,3.952914447794072,0.32746907148962173
2025-03-03,sz.002173,9.5000,9.7100,9.2800,9.53,9.3600,28800400,274547112.0000,3,6.928400,1,1.816200,0,-87.764863,5.199458,-9.266372,2.282702,0.025463241161231664,0.22598570273079172,-0.20052246156956005,10.273860080419835,10.248396839258604,10.568999999999999,12.528902253201752,8.609097746798247,3.919804506403505,0.23493576062207705
2025-02-28,sz.002173,9.8500,9.9000,9.3500,9.36,9.9900,37517401,359184082.3600,3,9.025400,1,-6.306300,0,-86.199278,5.106708,-9.101074,2.241982,-0.04932344408648248,0.1709238733673369,-0.22024731745381937,10.133266221893706,10.182589665980188,10.58,12.508348079520271,8.651651920479729,3.856696159040542,0.18366706899111576
2025-02-27,sz.002173,10.0800,10.2700,9.7500,9.99,10.1100,47308700,473120617.3700,3,11.380900,1,-1.186900,0,-92.001152,5.450429,-9.713647,2.392885,-0.05709850011718132,0.12531939867043326,-0.18241789878761458,10.11122526467929,10.16832376479647,10.609,12.47985007416416,8.73814992583584,3.74170014832832,0.33456718190618495
2025-02-26,sz.002173,10.4100,10.6300,10.0000,10.11,10.8500,81121959,826838755.2200,3,19.515200,1,-6.820300,0,-93.106271,5.515900,-9.830327,2.421628,-0.05296672350172038,0.08966217423600253,-0.14262889773772292,10.111036762420937,10.164003485922658,10.636,12.458680501493983,8.813319498506015,3.6453610029879684,0.3557070206300948
2025-02-25,sz.002173,10.3200,11.2800,10.2300,10.85,10.5500,71401646,766743758.3200,3,17.176800,1,2.843600,0,-99.921171,5.919635,-10.549857,2.598879,0.00990537183519713,0.07371081375584146,-0.06380544192064433,10.224723414356177,10.21481804252098,10.699,12.45534668679352,8.94265331320648,3.512693373587041,0.5429869572833805
2025-02-24,sz.002173,10.7200,10.8000,10.3700,10.55,10.6800,46022165,486094726.5100,3,11.071400,1,-1.217200,0,-97.158374,5.755959,-10.258156,2.527020,0.03511963032611298,0.06599257706989577,-0.030872946743782784,10.274765965993687,10.239646335667574,10.693999999999999,12.451503013398643,8.936496986601355,3.5150060267972876,0.4590327871695843
2025-02-21,sz.002173,10.5900,10.8400,10.4700,10.68,10.8800,84846487,902572876.7500,3,20.411200,1,-1.838200,0,-98.355586,5.826885,-10.384559,2.558159,0.06484453791499689,0.065762969238916,-0.0009184313239191111,10.33710966353312,10.272265125618123,10.636500000000002,12.310791994907273,8.96220800509273,3.348583989814543,0.5129905656039427
2025-02-20,sz.002173,10.3500,11.1700,10.3400,10.88,10.1500,122222913,1339183416.3800,3,29.402700,1,7.192100,0,-100.197451,5.936003,-10.579027,2.606065,0.10334873003830936,0.07328012139879468,0.030068608639514674,10.420631253758794,10.317282523720484,10.5585,12.009485509013949,9.107514490986052,2.901971018027897,0.6107867714745419
2025-02-19,sz.002173,9.9000,10.2800,9.8100,10.15,9.9700,48112500,484651547.0000,3,11.574200,1,1.805400,0,-93.474644,5.537723,-9.869221,2.431209,0.07410445059032611,0.07344498723710097,0.0006594633532251426,10.378995676257441,10.304891225667115,10.4515,11.660262307399398,9.2427376926006,2.417524614798797,0.37528565452679297
2025-02-18,sz.002173,10.6300,10.8800,9.9600,9.97,10.3700,67711711,704206130.8400,3,16.289100,1,-3.857300,0,-91.816966,5.439517,-9.694200,2.388094,0.03598879631523566,0.06595374905272791,-0.02996495273749225,10.316073264525526,10.28008446821029,10.3915,11.568816752977783,9.214183247022218,2.354633505955565,0.3209912502587338
2025-02-17,sz.002173,10.5400,11.0400,10.2500,10.37,10.2600,82384565,871748407.3900,3,19.818900,1,1.072100,0,-95.500695,5.657753,-10.083135,2.483905,0.03762480739526097,0.06028796072123453,-0.02266315332597356,10.324369685367753,10.286744877972492,10.364500000000001,11.516239645287234,9.212760354712769,2.303479290574465,0.5023876924018823
2025-02-14,sz.002173,9.8100,10.5500,9.7800,10.26,9.8200,79628404,818208944.7400,3,19.155900,1,4.480700,0,-94.487670,5.597738,-9.976178,2.457557,0.029702880949182386,0.0541709447668241,-0.024468063817641716,10.314466656849637,10.284763775900455,10.3155,11.391290529405207,9.239709470594793,2.1515810588104145,0.4742050155290521
2025-02-13,sz.002173,10.0500,10.0900,9.8100,9.82,10.0900,45083013,447346089.4900,3,10.845400,1,-2.675900,0,-90.435567,5.357679,-9.548349,2.352165,-0.011941966049302977,0.04094836260359869,-0.052890328652901664,10.238394863488155,10.250336829537458,10.2355,11.197394512216189,9.273605487783811,1.9237890244323772,0.2840199758273416
2025-02-12,sz.002173,9.8600,10.3000,9.7000,10.09,9.9200,64009517,644494610.4900,3,15.398500,1,1.713700,0,-92.922084,5.504988,-9.810880,2.416838,-0.02289514285951988,0.02817966151097498,-0.05107480437049486,10.215564884489979,10.238460027349499,10.1695,10.957501469408218,9.38149853059178,1.576002938816437,0.4495559316280824
2025-02-11,sz.002173,10.2600,10.4600,9.8300,9.92,10.0100,121650415,1242298565.9900,3,29.264900,1,-0.899100,0,-91.356499,5.412238,-9.645583,2.376118,-0.04477703189476756,0.013588322829826473,-0.05836535472459403,10.170093363799213,10.21487039569398,10.147,10.936592833114195,9.357407166885805,1.5791856662283905,0.3562550276041004
2025-02-10,sz.002173,9.1800,10.0100,9.1400,10.01,9.1000,51121142,488820090.2200,3,12.298000,1,10.000000,0,-92.185339,5.461341,-9.733094,2.397675,-0.05423119530534848,2.441920279148274e-05,-0.05425561450813996,10.14546361552241,10.199694810827758,10.1385,10.93025421491909,9.34674578508091,1.5835084298381794,0.4188510793004542
2025-02-07,sz.002173,8.8800,9.1900,8.8100,9.1,8.8500,56673800,512716972.8100,3,13.633800,1,2.824900,0,-83.804853,4.964855,-8.848267,2.179705,-0.13361287666343458,-0.026703039970453733,-0.10690983669298085,9.984623059288193,10.118235935951628,10.086,11.00376387285392,9.16823612714608,1.8355277457078394,-0.03717520876796492
2025-02-06,sz.002173,8.6000,8.8500,8.5400,8.85,8.6900,38458569,336038978.0200,3,9.251800,1,1.841200,0,-81.502522,4.828458,-8.605183,2.119823,-0.21422686773699517,-0.06420780552376203,-0.15001906221323313,9.810065665551548,10.024292533288543,10.011,11.07192114891285,8.950078851087149,2.121842297825701,-0.04716601756393588
2025-02-05,sz.002173,8.3300,8.7000,8.3300,8.69,8.2800,39872782,341987611.1300,3,9.592000,1,4.951700,0,-80.029030,4.741164,-8.449609,2.081498,-0.287708178489936,-0.10890788011699683,-0.1788002983729392,9.637747870851308,9.925456049341244,9.953,11.166799601945991,8.739200398054008,2.427599203891983,-0.020267100918112478
2025-01-27,sz.002173,8.3200,8.4500,8.2500,8.28,8.3000,20767100,173208756.0000,3,4.995900,1,-0.241000,0,-76.253207,4.517473,-8.050950,1.983292,-0.3747068330286769,-0.16206767069933287,-0.21263916232934404,9.428863583028031,9.803570416056708,9.873000000000001,11.299354942169959,8.446645057830043,2.852709884339916,-0.058416405658650965
2025-01-24,sz.002173,8.2600,8.3200,8.1100,8.3,8.2400,20962794,172419519.0300,3,5.042900,1,0.728200,0,-76.437394,4.528385,-8.070397,1.988082,-0.437002567119956,-0.21705464998345753,-0.21994791713649847,9.255192262562181,9.692194829682137,9.8115,11.397282556276084,8.225717443723918,3.171565112552166,0.02342141928037158
2025-01-23,sz.002173,8.5000,8.6300,8.2400,8.24,8.3800,28266228,239001890.1600,3,6.799900,1,-1.670600,0,-75.884834,4.495649,-8.012057,1.973711,-0.48561600474566013,-0.27076692093589805,-0.2148490838097621,9.099008837552615,9.584624842298275,9.7555,11.481334351995098,8.029665648004901,3.4516687039901974,0.06093700468760187
2025-01-22,sz.002173,8.4500,8.6300,8.3400,8.38,8.4800,24736462,208870987.3800,3,5.950700,1,-1.179200,0,-77.174140,4.572032,-8.148184,2.007245,-0.507001279184653,-0.31801379258564905,-0.18898748659900394,8.98839209331375,9.495393372498404,9.675,11.50200790768318,7.847992092316821,3.6540158153663578,0.1455954036777587
2025-01-21,sz.002173,8.6500,8.6700,8.3400,8.48,8.5900,26974515,228232545.3700,3,6.489100,1,-1.280600,0,-78.095072,4.626591,-8.245418,2.031197,-0.5100011234979984,-0.3564112587681189,-0.1535898647298795,8.910177925111634,9.420179048609633,9.5935,11.483153546636476,7.703846453363524,3.7793070932729522,0.20536927205995123
2025-01-20,sz.002173,8.6600,8.7100,8.4600,8.59,8.5900,22878623,196835163.9500,3,5.503800,1,0.000000,0,-79.108098,4.686605,-8.352375,2.057546,-0.49776452148141104,-0.38468191131077734,-0.1130826101706337,8.860919782786768,9.358684304268179,9.480500000000001,11.32350069966004,7.637499300339963,3.6860013993200766,0.2584102924745868
2025-01-17,sz.002173,8.8000,8.8000,8.5300,8.59,8.8000,30639640,264302033.0400,3,7.370900,1,-2.386400,0,-79.108098,4.686605,-8.352375,2.057546,-0.48250490997005,-0.40424651104263193,-0.0782583989274181,8.819239816204188,9.301744726174238,9.3825,11.19422642294,7.570773577060001,3.6234528458799993,0.2812859629452326
