date,code,open,high,low,close,preclose,volume,amount,adjustflag,turn,tradestatus,pctChg,isST,peTTM,psTTM,pcfNcfTTM,pbMRQ,MACD,MACD_Signal,MACD_Histogram,EMA12,EMA26,BOLL_MID,BOLL_UPPER,BOLL_LOWER,BOLL_WIDTH,BOLL_PB,MA5,MA10,MA20,MA30,MA60
2025-06-24,sz.300739,14.2900,14.6300,14.2000,14.59,14.2900,22091157,320867183.9400,3,6.484900,1,2.099400,0,343.429464,3.130443,-110.708962,2.098149,0.372479002213046,0.2813230074654862,0.09115599474755975,13.904003624833694,13.531524622620648,13.5595,14.539134195960404,12.579865804039596,1.9592683919208085,1.0259616315198798,14.256,13.873999999999999,13.5595,13.363666666666667,12.797166666666666
2025-06-23,sz.300739,14.0100,14.3900,13.9500,14.29,14.2800,17341455,246336196.4200,3,5.090600,1,0.070000,0,336.367857,3.066075,-108.432561,2.055007,0.33243041873679324,0.2585340087785962,0.07389640995819702,13.779277011167093,13.4468465924303,13.4785,14.36261180526604,12.59438819473396,1.768223610532079,0.9589351681351032,14.024000000000001,13.758000000000001,13.4785,13.312333333333333,12.784166666666668
2025-06-20,sz.300739,14.0000,14.6700,13.9500,14.28,13.9600,25525707,364352520.4600,3,7.493100,1,2.292300,0,336.132471,3.063930,-108.356681,2.053568,0.30702396610002225,0.24005990628904691,0.06696405981097533,13.686418285924745,13.379394319824723,13.398,14.264003524971697,12.531996475028302,1.7320070499433946,1.009235802492158,13.9,13.690000000000001,13.398,13.261000000000001,12.780833333333332
2025-06-19,sz.300739,14.1600,14.5600,13.9000,13.96,14.1600,20430560,288668724.3600,3,5.997400,1,-1.412400,0,328.600090,2.995270,-105.928520,2.007550,0.2711484725003608,0.22331889133630306,0.04782958116405772,13.578494337911062,13.307345865410701,13.331999999999999,14.111894729738525,12.552105270261473,1.5597894594770523,0.902618440703241,13.702000000000002,13.622,13.331999999999999,13.215333333333332,12.783666666666667
2025-06-18,sz.300739,13.4100,14.2400,13.3400,14.16,13.4300,23267353,324221858.0000,3,6.830200,1,5.435600,0,333.307828,3.038182,-107.446121,2.036312,0.2539961374331501,0.21136149604528864,0.04263464138786144,13.509129672076709,13.255133534643559,13.288499999999999,14.016215242168565,12.560784757831433,1.455430484337132,1.098791910282765,13.624,13.589000000000002,13.288499999999999,13.173333333333334,12.799833333333334
2025-06-17,sz.300739,13.6300,13.6700,13.3000,13.43,13.6700,8313665,111622950.9400,3,2.440500,1,-1.755700,0,316.124585,2.881553,-101.906879,1.931332,0.20804539503924957,0.20070283569832326,0.0073425593409263135,13.390789612454292,13.182744217415042,13.244499999999999,13.845778462506289,12.643221537493709,1.2025569250125798,0.6542546520182906,13.492,13.495999999999999,13.244499999999999,13.123999999999999,12.817
2025-06-16,sz.300739,13.2800,13.8500,13.2100,13.67,13.2900,9102500,124240846.0000,3,2.672000,1,2.859300,0,321.773871,2.933047,-103.727999,1.965846,0.22069669627409993,0.19886719586309168,0.021829500411008257,13.383660451082346,13.162963754808246,13.2215,13.828070167764041,12.61492983223596,1.213140335528081,0.8697016634145355,13.492,13.453,13.2215,13.081999999999999,12.850833333333334
2025-06-13,sz.300739,13.4500,13.6400,13.2900,13.29,13.5700,5850314,78475751.8700,3,1.717400,1,-2.063400,0,312.829169,2.851514,-100.844558,1.911199,0.20919785972259497,0.19340982076033958,0.01578803896225539,13.331598714915499,13.122400855192904,13.1845,13.765623231790434,12.603376768209566,1.1622464635808676,0.5907724852738678,13.48,13.379,13.1845,13.022666666666668,12.877999999999998
2025-06-12,sz.300739,13.4300,13.7500,13.4300,13.57,13.5000,5751425,78279718.2500,3,1.688300,1,0.518500,0,319.420002,2.911591,-102.969199,1.951465,0.2301691940190711,0.18946281101977575,0.040706382999295354,13.339162117627408,13.108992923608337,13.166,13.756464580692926,12.575535419307075,1.1809291613858512,0.8421035005401132,13.542000000000002,13.370000000000001,13.166,12.961666666666668,12.912333333333333
2025-06-11,sz.300739,13.5300,13.7800,13.4700,13.5,13.4300,5929231,80609648.1500,3,1.740500,1,0.521200,0,317.772294,2.896572,-102.438039,1.941399,0.22507923606266012,0.1792862152699519,0.04579302079270822,13.297191593559663,13.072112357497003,13.135499999999999,13.70057009346324,12.570429906536758,1.1301401869264822,0.8225263593106019,13.553999999999998,13.302000000000001,13.135499999999999,12.897,12.934333333333333
2025-06-10,sz.300739,13.6000,13.6500,13.2800,13.43,13.6100,7084345,95313038.5900,3,2.079600,1,-1.322600,0,316.124585,2.881553,-101.906879,1.931332,0.22243599174647422,0.16783796007177484,0.05459803167469937,13.260317337843238,13.037881346096764,13.108500000000001,13.651407377968722,12.56559262203128,1.0858147559374416,0.7960910212740944,13.5,13.245,13.108500000000001,12.834,12.960666666666667
2025-06-09,sz.300739,13.6300,13.6900,13.5600,13.61,13.6000,6231095,84854323.5100,3,1.829100,1,0.073500,0,320.361549,2.920174,-103.272719,1.957218,0.2229540909393215,0.15418845215309998,0.06876563878622152,13.229465944723827,13.006511853784506,13.089500000000001,13.611216801581923,12.567783198418079,1.0434336031638445,0.9988338485762445,13.414000000000001,13.199000000000002,13.089500000000001,12.786333333333333,12.986500000000001
2025-06-06,sz.300739,13.5900,13.7400,13.5000,13.6,13.6300,7239061,98317864.4800,3,2.125000,1,-0.220100,0,320.126162,2.918028,-103.196839,1.955779,0.20204513258634904,0.1369970424565446,0.06504809012980445,13.160277934673616,12.958232802087267,13.0465,13.527782278480297,12.565217721519703,0.9625645569605936,1.0750263668005173,13.278,13.106,13.0465,12.727333333333332,13.005166666666666
2025-06-05,sz.300739,13.2300,13.7200,13.1400,13.63,13.2300,10962128,147762572.4300,3,3.217900,1,3.023400,0,320.832323,2.924465,-103.424479,1.960094,0.1734370419963902,0.12073501992409348,0.052702022072296725,13.080328468250638,12.906891426254248,13.012,13.419487810602615,12.604512189397386,0.8149756212052282,1.2583048914838335,13.197999999999999,13.041999999999998,13.012,12.667666666666667,13.024166666666666
2025-06-04,sz.300739,13.0300,13.4900,13.0300,13.23,13.0000,8493492,112573190.0400,3,2.493300,1,1.769200,0,311.416848,2.838641,-100.389278,1.902571,0.1313454493961661,0.1075595144060193,0.023785934990146806,12.980388189750755,12.849042740354589,12.9655,13.276997233239763,12.654002766760238,0.6229944664795255,0.9245623584662973,13.05,12.988,12.9655,12.601333333333335,13.047166666666666
2025-06-03,sz.300739,12.8300,13.0900,12.7700,13.0,12.9300,4842900,62905142.0000,3,1.421600,1,0.541400,0,306.002949,2.789292,-98.644037,1.869495,0.11643806466793727,0.10161303065848258,0.014825034009454688,12.935004224250893,12.818566159582955,12.937999999999999,13.248286794332403,12.627713205667595,0.6205735886648078,0.599907571209076,12.99,12.993,12.937999999999999,12.544666666666668,13.074833333333334
2025-05-30,sz.300739,13.0900,13.1300,12.8700,12.93,13.0700,4814800,62350650.0000,3,1.413400,1,-1.071200,0,304.355241,2.774272,-98.112877,1.859429,0.11913535812873732,0.0979067721561189,0.021228585972618425,12.923186810478327,12.80405145234959,12.8965,13.357358466685843,12.435641533314156,0.9217169333716875,0.5363452148779077,12.984,12.99,12.8965,12.495000000000001,13.099333333333332
2025-05-29,sz.300739,12.8900,13.2100,12.8900,13.2,12.8900,5247600,68901858.0000,3,1.540400,1,2.405000,0,310.710687,2.832204,-100.161638,1.898257,0.12797248020955898,0.0925996256629643,0.03537285454659468,12.921948048747115,12.793975568537556,12.8445,13.487960218375477,12.201039781624523,1.286920436750954,0.7762408536284641,12.934000000000001,12.99,12.8445,12.455666666666668,13.119333333333334
2025-05-28,sz.300739,12.9400,13.0300,12.8000,12.89,12.9300,2666839,34400437.7600,3,0.782900,1,-0.309400,0,303.413694,2.765690,-97.809357,1.853676,0.10989953449875856,0.08375641202631562,0.026143122472442937,12.871393148519319,12.76149361402056,12.7575,13.628769491211546,11.886230508788454,1.742538982423092,0.5760384710680917,12.886,12.962,12.7575,12.409333333333334,13.136166666666666
2025-05-27,sz.300739,12.9300,12.9800,12.7900,12.93,12.9700,3161278,40692610.6600,3,0.928000,1,-0.308400,0,304.355241,2.774272,-98.112877,1.859429,0.11679698147153594,0.07722063140820487,0.03957635006333107,12.86801008461374,12.751213103142204,12.6945,13.697662892791554,11.691337107208446,2.0063257855831083,0.6173787436179292,12.925999999999998,12.969,12.6945,12.365666666666668,13.175666666666666
2025-05-26,sz.300739,12.6800,12.9800,12.6500,12.97,12.6800,3625343,46773124.8700,3,1.064200,1,2.287100,0,305.296789,2.782855,-98.416397,1.865181,0.11982903951356683,0.0673265438923721,0.05250249562119473,12.856739190907147,12.73691015139358,12.628499999999999,13.734812509384797,11.5221874906152,2.2126250187695966,0.654341561314309,12.996,12.972,12.628499999999999,12.314333333333334,13.218166666666667
2025-05-23,sz.300739,12.9000,13.0200,12.6600,12.68,12.9600,4545700,58457384.0000,3,1.334400,1,-2.160500,0,298.470569,2.720632,-96.215877,1.823477,0.11788335302156128,0.05420091998707341,0.06368243303448787,12.836146316526628,12.718262963505067,12.58,13.708109737103445,11.451890262896555,2.2562194742068904,0.5443219292906564,12.996,12.98,12.58,12.254333333333333,13.255500000000001
2025-05-22,sz.300739,13.0600,13.2500,12.9300,12.96,13.0900,4631508,60493297.2800,3,1.359600,1,-0.993100,0,305.061402,2.780709,-98.340517,1.863743,0.14321255530963484,0.038280311728451435,0.1049322435811834,12.864536555895107,12.721324000585472,12.538,13.71204563705802,11.36395436294198,2.3480912741160402,0.6797204413013571,13.046000000000001,12.987,12.538,12.190333333333333,13.295666666666667
2025-05-21,sz.300739,13.2600,13.2600,13.0300,13.09,13.2800,3759813,49299663.1900,3,1.103700,1,-1.430700,0,308.121431,2.808602,-99.326958,1.882438,0.14494964542554278,0.012047250833155585,0.1329023945923872,12.847179566057852,12.702229920632309,12.480500000000001,13.679894145304083,11.28110585469592,2.398788290608163,0.7540866163080497,13.038,12.982,12.480500000000001,12.108333333333333,13.3345
2025-05-20,sz.300739,13.0500,13.2900,12.9600,13.28,12.9700,6111785,80472843.4000,3,1.794100,1,2.390100,0,312.593782,2.849369,-100.768678,1.909761,0.13182208196729484,-0.021178347814941212,0.15300042978223605,12.803030396250188,12.671208314282893,12.408,13.627397607967158,11.188602392032841,2.4387952159343165,0.8575535962604107,13.012,12.943000000000001,12.408,12.109666666666666,13.364666666666666
2025-05-19,sz.300739,12.9000,12.9900,12.7500,12.97,12.9300,4222690,54431628.4100,3,1.239600,1,0.309400,0,305.296789,2.782855,-98.416397,1.865181,0.0938036706883345,-0.059428455260500224,0.15323212594883473,12.71630865011386,12.622504979425525,12.3205,13.527522870755377,11.113477129244622,2.414045741510755,0.7690504114447858,12.948000000000002,12.883000000000001,12.3205,12.115333333333332,13.3885
2025-05-16,sz.300739,12.8400,13.0700,12.7600,12.93,12.9200,4017182,52187515.8000,3,1.179200,1,0.077400,0,304.355241,2.774272,-98.112877,1.859429,0.07547757235499297,-0.0977364867477089,0.17321405910270188,12.67018295013456,12.594705377779567,12.247499999999999,13.465675944426414,11.029324055573584,2.4363518888528297,0.7801319477382063,12.963999999999999,12.803,12.247499999999999,12.131333333333336,13.4095
2025-05-15,sz.300739,12.9600,13.0400,12.8000,12.92,12.9600,4311100,55561462.0000,3,1.265500,1,-0.308600,0,304.119854,2.772127,-98.036997,1.857991,0.05506167852072963,-0.14104000152338436,0.196101680044114,12.622943486522662,12.567881808001932,12.188500000000001,13.381537256223412,10.99546274377659,2.3860745124468217,0.8065704763971832,12.928,12.699000000000002,12.188500000000001,12.145000000000001,13.437333333333333
2025-05-14,sz.300739,12.9700,13.1300,12.8400,12.96,12.9600,5238700,68012592.7800,3,1.537800,1,0.000000,0,305.061402,2.780709,-98.340517,1.863743,0.029220858702874608,-0.19006542153441283,0.21928628023728744,12.568933211344962,12.539712352642088,12.133,13.285335842858792,10.980664157141206,2.3046716857175866,0.8588363605649564,12.926000000000002,12.553,12.133,12.165,13.458666666666666
2025-05-13,sz.300739,13.1600,13.2300,12.9400,12.96,13.0500,5255131,68738912.8300,3,1.542600,1,-0.689700,0,305.061402,2.780709,-98.340517,1.863743,-0.008259181991224551,-0.24488699159373467,0.23662780960251012,12.497830158862229,12.506089340853453,12.064,13.172254198467705,10.955745801532295,2.21650839693541,0.9042393889591525,12.874,12.42,12.064,12.197666666666667,13.48
2025-05-12,sz.300739,12.8500,13.0800,12.8500,13.05,12.7500,5888578,76522585.6600,3,1.728600,1,2.352900,0,307.179884,2.800020,-99.023438,1.876685,-0.055977209466368194,-0.3040439439943622,0.248066734527994,12.413799278655361,12.46977648812173,11.9855,13.047999040247358,10.923000959752642,2.1249980804947164,1.0009416289694608,12.818000000000001,12.285,11.9855,12.230666666666668,13.507166666666667
2025-05-09,sz.300739,12.8600,12.9100,12.7000,12.75,12.9100,5339202,68368090.7300,3,1.567300,1,-1.239300,0,300.118277,2.735651,-96.747037,1.833543,-0.12523218694240335,-0.36606062762636066,0.2408284406839573,12.298126420229064,12.423358607171467,11.8915,12.888068322320589,10.894931677679413,1.9931366446411758,0.9307281200755582,12.642,12.18,11.8915,12.256,13.528
2025-05-08,sz.300739,12.7100,12.9800,12.6600,12.91,12.7000,6080858,78310946.5700,3,1.785000,1,1.653500,0,303.884467,2.769981,-97.961117,1.856552,-0.18125970820174508,-0.42626773779734994,0.24500802959560486,12.215967587543439,12.397227295745184,11.792,12.824393233934591,10.759606766065408,2.064786467869183,1.041460348272116,12.47,12.089,11.792,12.300666666666666,13.556500000000002
2025-05-07,sz.300739,12.9100,12.9700,12.5700,12.7,12.6800,7710000,98248484.1300,3,2.263300,1,0.157700,0,298.941343,2.724923,-96.367637,1.826353,-0.2664256032170975,-0.48751974519625113,0.2210941419791536,12.089779876187702,12.3562054794048,11.6715,12.716956837942266,10.626043162057734,2.090913675884533,0.9918902257238842,12.18,11.979000000000001,11.6715,12.352,13.579833333333333
2025-05-06,sz.300739,12.2800,12.7000,12.2600,12.68,12.1700,8588689,107756716.7400,3,2.521200,1,4.190600,0,298.470569,2.720632,-96.215877,1.823477,-0.3498711549898985,-0.5427932806910395,0.19292212570114098,11.978830762767284,12.328701917757183,11.693,12.840245671850276,10.545754328149723,2.294491343700553,0.9301606988885683,11.966000000000001,11.873000000000001,11.693,12.426333333333334,13.604833333333335
2025-04-30,sz.300739,11.8500,12.2100,11.8500,12.17,11.8900,6934850,83960140.0000,3,2.035700,1,2.354900,0,286.465838,2.611206,-92.345995,1.750135,-0.4492526242709669,-0.5910238121163247,0.1417711878453578,11.851345446906791,12.300598071177758,11.7315,13.056169174191382,10.406830825808619,2.649338348382763,0.6655130233809786,11.752,11.758,11.7315,12.51,13.619333333333334
2025-04-29,sz.300739,11.6200,12.0100,11.5700,11.89,11.4600,7703819,91292117.5500,3,2.261500,1,3.752200,0,279.875005,2.551129,-90.221354,1.709869,-0.517637661436682,-0.626466609077664,0.10882894764098205,11.793408255435297,12.31104591687198,11.7955,13.318246479918935,10.272753520081066,3.045492959837869,0.5310294593506566,11.718,11.692,11.7955,12.619666666666665,13.638666666666667
2025-04-28,sz.300739,11.6300,11.6500,11.3400,11.46,11.6300,5145725,58973751.5000,3,1.510500,1,-1.461700,0,346.268419,2.528952,2621.147944,1.658757,-0.5688834701618397,-0.6536738459879095,0.08479037582606974,11.775846120059898,12.344729590221737,11.868,13.540408914992863,10.195591085007138,3.3448178299857254,0.37802026276518,11.708,11.678,11.868,12.733333333333333,13.67
2025-04-25,sz.300739,11.5500,11.7800,11.5500,11.63,11.6100,4643661,54211370.1400,3,1.363200,1,0.172300,0,70.776924,2.544614,-15.681242,2.090464,-0.5822352700959605,-0.6748714399444269,0.09263616984846634,11.833272687343516,12.415507957439477,11.971,13.785327771698965,10.156672228301035,3.6286555433979295,0.4060258004867881,11.778,11.713,11.971,12.863,13.711666666666666
2025-04-24,sz.300739,12.0300,12.0300,11.5500,11.61,12.0000,7905100,92765810.0000,3,2.320500,1,-3.250000,0,70.655210,2.540238,-15.654275,2.086869,-0.6081172362650253,-0.6980304824065435,0.08991324614151819,11.87023135776961,12.478348594034635,12.086500000000001,14.0933228359118,10.079677164088201,4.0136456718236,0.38128000352768965,11.78,11.708,12.086500000000001,12.971666666666666,13.752333333333333
2025-04-23,sz.300739,11.9800,12.0500,11.8400,12.0,11.8400,5768632,68950167.5400,3,1.693400,1,1.351400,0,73.028640,2.625569,-16.180129,2.156970,-0.6302703314660487,-0.720508793941923,0.0902384624758743,11.917546150091358,12.547816481557406,12.2035,14.360576725571029,10.046423274428971,4.314153451142058,0.45282967972636007,11.764,11.686,12.2035,13.087333333333333,13.793166666666668
2025-04-22,sz.300739,11.7300,12.0500,11.7300,11.84,11.8100,6147440,72998498.9600,3,1.804600,1,0.254000,0,72.054925,2.590562,-15.964394,2.128211,-0.6890872590649391,-0.7430684095608915,0.053981150495952424,11.902554541017059,12.591641800081998,12.294,14.564046602814049,10.023953397185952,4.5400932056280965,0.40000205294525615,11.666,11.603,12.294,13.186666666666667,13.831833333333332
2025-04-21,sz.300739,11.7500,11.8100,11.5100,11.81,11.6400,4442400,52081530.0000,3,1.304100,1,1.460500,0,71.872354,2.583998,-15.923944,2.122818,-0.7378450501593061,-0.7565636971848795,0.018718647025573354,11.913928093929252,12.651773144088558,12.4065,14.801391712748135,10.011608287251864,4.789783425496271,0.3754640978494356,11.648,11.495000000000001,12.4065,13.283,13.867833333333333
2025-04-18,sz.300739,11.5300,11.7600,11.4200,11.64,11.5300,5106651,59246673.2300,3,1.499100,1,0.954000,0,70.837781,2.546802,-15.694725,2.092261,-0.786290884608345,-0.7612433589412727,-0.025047525667072246,11.932824111007298,12.719114995615643,12.538499999999999,15.081405714666674,9.995594285333324,5.085811429333351,0.32333202626866286,11.648,11.364,12.538499999999999,13.380666666666666,13.900333333333332
2025-04-17,sz.300739,11.4200,11.7000,11.4000,11.53,11.5100,4294778,49857917.6800,3,1.260700,1,0.173800,0,70.168352,2.522735,-15.546407,2.072489,-0.8193793368017239,-0.7549814775245046,-0.0643978592772193,11.98606485846317,12.805444195264894,12.703,15.420817235635244,9.985182764364755,5.43563447127049,0.28420182479160877,11.636,11.513,12.703,13.493,13.930333333333333
2025-04-16,sz.300739,11.6800,11.7800,11.2100,11.51,11.7500,5590223,64338662.4500,3,1.641000,1,-2.042600,0,70.046638,2.518359,-15.519440,2.068894,-0.8384939890659755,-0.7388820127051998,-0.09961197636077568,12.068985741820109,12.907479730886084,12.886,15.759672874471605,10.012327125528394,5.747345748943211,0.2605851361468882,11.608,11.705000000000002,12.886,13.604999999999999,13.963833333333334
2025-04-15,sz.300739,11.9400,11.9600,11.6300,11.75,11.8100,4233856,49682442.8000,3,1.242900,1,-0.508000,0,71.507210,2.570870,-15.843043,2.112033,-0.8486585962968398,-0.7139790186150059,-0.13467957768183392,12.17061951306013,13.01927810935697,13.0835,16.098461115224538,10.068538884775462,6.029922230449076,0.2788528692349838,11.540000000000001,11.899,13.0835,13.703666666666667,13.981833333333334
2025-04-14,sz.300739,12.0000,12.2900,11.7400,11.81,11.5800,7329530,87387049.4900,3,2.151600,1,1.986200,0,71.872354,2.583998,-15.923944,2.122818,-0.8737245699435565,-0.6803091241945475,-0.19341544574900904,12.247095788161971,13.120820358105528,13.261,16.36217057695455,10.15982942304545,6.202341153909101,0.26605608043899853,11.342,12.058,13.261,13.783,14.002500000000001
2025-04-11,sz.300739,11.2500,11.7400,11.2000,11.58,11.3900,6769833,78254358.8000,3,1.987300,1,1.668100,0,70.472638,2.533674,-15.613825,2.081476,-0.899118237108004,-0.6319552627572952,-0.2671629743507088,12.326567749645966,13.22568598675397,13.437999999999999,16.59407751222274,10.281922487777258,6.312155024445481,0.20564728008035213,11.08,12.229,13.437999999999999,13.863,14.038
2025-04-10,sz.300739,11.4500,11.7800,11.3800,11.39,11.1700,9435597,109253827.9500,3,2.769800,1,1.969600,0,69.316351,2.492103,-15.357639,2.047324,-0.8950335252035995,-0.565164519169618,-0.3298690060339815,12.462307340490687,13.357340865694287,13.6035,16.69584215441956,10.511157845580444,6.184684308839115,0.14209975975063444,11.39,12.465,13.6035,13.985666666666667,14.066833333333333
2025-04-09,sz.300739,10.4200,11.2700,9.8300,11.17,10.7600,10911896,116424937.1600,3,3.203200,1,3.810400,0,67.977493,2.443967,-15.061003,2.007780,-0.8574558234608354,-0.4826972676611225,-0.3747585557997129,12.657272311488995,13.51472813494983,13.788,16.762343625070947,10.813656374929053,5.948687250141894,0.05990290127665511,11.802,12.721,13.788,14.122000000000002,14.1025
2025-04-08,sz.300739,10.6300,11.1700,10.5000,10.76,10.5000,10121269,109302220.1700,3,2.971100,1,2.476200,0,65.482348,2.354260,-14.508182,1.934083,-0.7746209267133679,-0.3890076287111942,-0.3856132980021737,12.92768545903245,13.702306385745818,13.9785,16.726247594322565,11.230752405677435,5.49549518864513,-0.08566150811124555,12.258,12.985,13.9785,14.256666666666666,14.131333333333334
2025-04-07,sz.300739,12.4000,12.4000,10.5000,10.5,13.1300,13458347,150451233.3200,3,3.950700,1,-20.030500,0,63.900060,2.297373,-14.157613,1.887349,-0.6158808086580407,-0.29260430421065076,-0.32327650444739,13.32181008794744,13.937690896605481,14.177000000000001,16.484015387898438,11.869984612101565,4.6140307757968735,-0.2969170945473287,12.774,13.318000000000001,14.177000000000001,14.401000000000002,14.173666666666666
2025-04-03,sz.300739,13.2700,13.4800,13.0000,13.13,13.4500,6127934,80940685.0900,3,1.798900,1,-2.379200,0,79.905504,2.872810,-17.703758,2.360085,-0.3778397007596723,-0.2117851780988032,-0.16605452266086912,13.83486646757425,14.212706168333922,14.389000000000001,15.923088448695584,12.854911551304419,3.068176897391165,0.08965860114828669,13.378,13.713,14.389000000000001,14.560666666666666,14.240666666666668
2025-04-02,sz.300739,13.3900,13.6700,13.3900,13.45,13.4500,4224782,57151789.9100,3,1.240200,1,0.000000,0,81.852935,2.942826,-18.135228,2.417604,-0.3362986546674307,-0.1702715474335859,-0.16602710723384478,13.963024007133205,14.299322661800636,14.483,15.919561684608208,13.046438315391793,2.8731233692164153,0.14046096625439006,13.540000000000001,13.893,14.483,14.619666666666667,14.274166666666668
2025-04-01,sz.300739,13.3700,13.5500,13.3700,13.45,13.3400,4178079,56270621.9700,3,1.228500,1,0.824600,0,81.852795,2.942821,-18.135197,2.417600,-0.3109673754054434,-0.12876477062512473,-0.18220260478031866,14.056301099339242,14.367268474744685,14.555000000000001,15.915920740953734,13.19407925904627,2.7218414819074646,0.09402485143050322,13.639999999999997,14.066999999999998,14.555000000000001,14.661666666666667,14.331333333333333
2025-03-31,sz.300739,13.4100,13.6000,13.0700,13.34,13.5200,6795524,89976541.6500,3,1.998200,1,-1.331400,0,81.183367,2.918753,-17.986880,2.397828,-0.2741122898687909,-0.08321411943004506,-0.19089817043874582,14.166537662855468,14.440649952724259,14.606,15.865212786666902,13.346787213333098,2.518425573333804,-0.0026950224000915285,13.712,14.267999999999997,14.606,14.687666666666667,14.396166666666668
2025-03-28,sz.300739,13.8900,14.0400,13.5200,13.52,13.9400,6571110,90275906.2000,3,1.932200,1,-3.012900,0,82.278795,2.958136,-18.229581,2.430182,-0.21188471102210116,-0.03548957682035861,-0.17639513420174255,14.316817237920098,14.5287019489422,14.645500000000002,15.780984593976536,13.510015406023468,2.2709691879530673,0.004396622389020996,13.862,14.463999999999999,14.645500000000002,14.729666666666667,14.480166666666667
2025-03-27,sz.300739,13.9100,14.0900,13.5800,13.94,13.9500,6637398,91980953.8100,3,1.951700,1,-0.071700,0,84.834793,3.050031,-18.795885,2.505676,-0.14770500549745869,0.008609206730077028,-0.15631421222753572,14.461693099360115,14.609398104857574,14.680000000000001,15.708376339059297,13.651623660940706,2.056752678118592,0.14020953619133503,14.047999999999998,14.647,14.680000000000001,14.752333333333334,14.546333333333333
2025-03-26,sz.300739,13.7500,14.2400,13.7200,13.95,13.8100,6497117,91119614.8700,3,1.910400,1,1.013800,0,84.895650,3.052219,-18.809368,2.507474,-0.10640356309331622,0.04768775978696096,-0.1540913228802772,14.556546390152864,14.66294995324618,14.746,15.743373392572051,13.74862660742795,1.9947467851441019,0.10095185718396955,14.245999999999999,14.742,14.746,14.762333333333334,14.603166666666665
2025-03-25,sz.300739,14.0100,14.1000,13.7000,13.81,14.0900,7046258,97769063.8200,3,2.071900,1,-1.987200,0,84.043651,3.021588,-18.620600,2.482309,-0.053158397507035104,0.08621059050703025,-0.13936898801406536,14.66682755199884,14.719985949505874,14.8225,15.797252330216919,13.84774766978308,1.9495046604338384,-0.019362697894079312,14.494,14.854999999999999,14.8225,14.783666666666667,14.668333333333333
2025-03-24,sz.300739,14.5000,14.7400,13.5300,14.09,14.4500,12163254,171430587.8300,3,3.576500,1,-2.491300,0,85.747650,3.082851,-18.998136,2.532638,0.02982955416864641,0.12105283751054659,-0.09122328334190018,14.822614379634992,14.792784825466345,14.892499999999998,15.755807592923954,14.029192407076042,1.726615185847912,0.035217802682591344,14.824000000000002,14.972,14.892499999999998,14.8,14.7465
2025-03-21,sz.300739,14.8200,14.9300,14.4400,14.45,14.9300,9826015,143917633.9800,3,2.889200,1,-3.215000,0,87.938505,3.161618,-19.483539,2.597347,0.10680938261042705,0.14385865834602163,-0.03704927573559458,14.95581699411408,14.849007611503653,14.9425,15.721862087324018,14.163137912675984,1.5587241746480345,0.18403646520000258,15.065999999999999,15.036000000000001,14.9425,14.812333333333333,14.804333333333336
2025-03-20,sz.300739,15.2200,15.2800,14.9100,14.93,15.1900,9603655,144898160.0000,3,2.823900,1,-1.711700,0,90.859646,3.266640,-20.130743,2.683626,0.16685549989269255,0.15312097727992027,0.013734522612772276,15.04778372031664,14.880928220423947,14.9845,15.74234945040149,14.226650549598512,1.5156989008029775,0.46404299035175905,15.246,15.065000000000001,14.9845,14.807666666666668,14.880166666666668
2025-03-19,sz.300739,15.3500,15.4000,15.1100,15.19,15.4600,10925088,166188892.8100,3,3.212400,1,-1.746400,0,92.441930,3.323527,-20.481312,2.730360,0.19219646413452907,0.1496873466267272,0.04250911750780187,15.069198942192392,14.877002478057863,14.983,15.741422184885483,14.224577815114518,1.5168443697709648,0.6364675270088881,15.238,15.072999999999999,14.983,14.783333333333333,14.921333333333333
2025-03-18,sz.300739,15.3100,15.4800,15.1500,15.46,15.3000,14228577,218467156.6200,3,4.183800,1,1.045800,0,94.085072,3.382603,-20.845364,2.778892,0.1952724371976089,0.13906006724977674,0.05621236994783216,15.0472351135001,14.851962676302492,14.959,15.72021509512935,14.19778490487065,1.5224301902586994,0.8290791283604726,15.216,15.043000000000001,14.959,14.728666666666667,14.909833333333333
2025-03-17,sz.300739,15.3400,15.3500,15.0800,15.3,15.3500,13139663,200204214.1500,3,3.863600,1,-0.325700,0,93.111358,3.347595,-20.629629,2.750133,0.16886726191161117,0.1250069747628187,0.043860287148792476,14.972186952318301,14.80331969040669,14.897500000000003,15.686526715577422,14.108473284422583,1.5780534311548386,0.7550610721117622,15.12,14.944000000000003,14.897500000000003,14.657666666666668,14.8965
2025-03-14,sz.300739,14.9000,15.3700,14.5800,15.35,14.8900,20588632,311912296.2400,3,6.053900,1,3.089300,0,93.415644,3.358535,-20.697047,2.759120,0.14899931437331304,0.11404190297562056,0.034957411397692484,14.912584580012538,14.763585265639225,14.8625,15.638342496224281,14.08665750377572,1.5516849924485605,0.8141745923769769,15.006,14.827000000000002,14.8625,14.606666666666667,14.890166666666666
2025-03-13,sz.300739,14.9900,15.2000,14.6900,14.89,15.0800,11485634,171243027.6600,3,3.377200,1,-1.259900,0,90.616217,3.257888,-20.076809,2.676436,0.1163824167608194,0.10530255012619744,0.01107986663462196,14.833054503651182,14.716672086890362,14.805000000000001,15.59896407183737,14.011035928162633,1.5879281436747377,0.5535288705213666,14.884,14.713000000000003,14.805000000000001,14.560333333333334,14.883666666666667
2025-03-12,sz.300739,15.0000,15.2300,14.9200,15.08,14.9800,12914061,194729287.4900,3,3.797300,1,0.667600,0,91.772502,3.299460,-20.332994,2.710588,0.11989492320071271,0.10253258346754193,0.01736233973317078,14.822700777042305,14.702805853841593,14.772499999999999,15.604134408543704,13.940865591456294,1.6632688170874097,0.6848769103592477,14.908000000000001,14.75,14.772499999999999,14.533,14.880833333333333
2025-03-11,sz.300739,14.5800,15.0600,14.4700,14.98,14.7300,12448721,184926986.2800,3,3.660400,1,1.697200,0,91.163931,3.277580,-20.198160,2.692613,0.10328877799198466,0.09819199853424923,0.005096779457735429,14.775919100140905,14.67263032214892,14.748000000000001,15.570309968449052,13.92569003155095,1.6446199368981027,0.641066026742672,14.87,14.790000000000001,14.748000000000001,14.499,14.876333333333331
2025-03-10,sz.300739,14.8000,14.8600,14.5500,14.73,14.7400,6743318,99138872.6800,3,1.982800,1,-0.067800,0,89.642504,3.222881,-19.861075,2.647677,0.09077273406387398,0.09691780366981537,-0.006145069605941383,14.738813481984707,14.648040747920833,14.714000000000002,15.552002637855507,13.875997362144497,1.6760052757110095,0.509546509328982,14.768,14.812999999999999,14.714000000000002,14.477,14.873999999999999
2025-03-07,sz.300739,14.9900,14.9900,14.6400,14.74,15.0100,10814856,160359958.8000,3,3.180000,1,-1.798800,0,89.703361,3.225069,-19.874558,2.649474,0.09893192550015328,0.0984540710713007,0.00047785442885257823,14.740415933254653,14.6414840077545,14.7005,15.546082328152831,13.854917671847168,1.6911646563056628,0.5233566849051161,14.648000000000001,14.849,14.7005,14.452666666666666,14.874333333333334
2025-03-06,sz.300739,15.0600,15.3300,14.9600,15.01,14.8900,15806505,238342741.6700,3,4.647800,1,0.805900,0,91.346502,3.284144,-20.238610,2.698006,0.10688882910791087,0.09833460746408756,0.008554221643823301,14.740491557482772,14.63360272837486,14.678999999999998,15.542039914915291,13.815960085084706,1.726079829830585,0.6917640159392217,14.542000000000002,14.904,14.678999999999998,14.419999999999998,14.872833333333334
2025-03-05,sz.300739,14.4700,14.9400,14.3300,14.89,14.4700,12549958,183827948.5700,3,3.690200,1,2.902600,0,90.616217,3.257888,-20.076809,2.676436,0.08799907583478905,0.09619605205313174,-0.008196976218342686,14.69149002247964,14.60349094664485,14.638499999999999,15.512095715239242,13.764904284760755,1.7471914304784875,0.6439453030805707,14.592000000000002,14.893,14.638499999999999,14.367666666666667,14.862666666666666
2025-03-04,sz.300739,14.0100,14.4700,13.9000,14.47,14.1300,8841044,126401862.3500,3,2.599600,1,2.406200,0,88.060219,3.165994,-19.510506,2.600942,0.0748270769176802,0.0982452961077174,-0.0234182191900372,14.655397299294119,14.580570222376439,14.5715,15.561646719590561,13.58135328040944,1.9802934391811213,0.44874496981519496,14.710000000000003,14.875,14.5715,14.322666666666667,14.855333333333332
2025-03-03,sz.300739,14.1500,14.4400,13.7300,14.13,14.2100,11684431,165749649.6300,3,3.435700,1,-0.563000,0,85.991078,3.091603,-19.052070,2.539828,0.09969005899922401,0.10409985090522669,-0.004409791906002686,14.689105899165778,14.589415840166554,14.514499999999998,15.64985480195221,13.379145198047786,2.2707096039044252,0.33066967289042165,14.858,14.850999999999999,14.514499999999998,14.259999999999998,14.853166666666668
2025-02-28,sz.300739,15.0000,15.2000,14.1100,14.21,15.2600,16365503,238487854.1100,3,4.812100,1,-6.880700,0,86.477935,3.109106,-19.159937,2.554208,0.16459240981603962,0.10520229888172736,0.05939011093431226,14.790761517195918,14.626169107379878,14.496500000000001,15.668350089208987,13.324649910791015,2.343700178417972,0.3777574014636158,15.05,14.898,14.496500000000001,14.222,14.854333333333333
2025-02-27,sz.300739,15.5000,15.5700,14.9100,15.26,15.4800,17157942,260835919.0400,3,5.045100,1,-1.421200,0,92.867930,3.338843,-20.575696,2.742943,0.23689188435218078,0.0903547711481493,0.14653711320403148,14.896354520322449,14.659462635970268,14.484,15.673911982591969,13.294088017408031,2.379823965183938,0.8260745380131602,15.266,14.897000000000002,14.484,14.213,14.854999999999999
2025-02-26,sz.300739,15.3300,15.5300,15.1800,15.48,15.2100,18169312,279482542.6600,3,5.342500,1,1.775100,0,94.206786,3.386979,-20.872331,2.782487,0.21881751353318535,0.05372049284714141,0.16509702068604393,14.830237160381076,14.61141964684789,14.4245,15.569180603579309,13.279819396420692,2.289361207158617,0.9610456387133456,15.193999999999999,14.794999999999998,14.4245,14.148,14.828000000000001
2025-02-25,sz.300739,14.8200,15.3800,14.7800,15.21,15.0900,18152540,275056689.9400,3,5.337600,1,0.795200,0,92.563644,3.327903,-20.508279,2.733955,0.17016524367282315,0.012446237675630415,0.15771900599719274,14.712098462268544,14.541933218595721,14.3535,15.393930578882538,13.313069421117463,2.0808611577650744,0.9116084327893913,15.040000000000001,14.706,14.3535,14.083,14.8015
2025-02-24,sz.300739,15.2900,15.3000,14.8500,15.09,15.2900,17201037,258293440.6600,3,5.057800,1,-1.308000,0,91.833359,3.301648,-20.346478,2.712386,0.13308303387035636,-0.026983513823667774,0.16006654769402412,14.621570909953736,14.48848787608338,14.309000000000001,15.268142160584496,13.349857839415506,1.91828432116899,0.9071346418157985,14.844,14.615,14.309000000000001,14.006,14.776666666666666
2025-02-21,sz.300739,14.9700,15.3700,14.7500,15.29,14.9000,28149965,426831667.1400,3,8.277200,1,2.617400,0,93.050501,3.345407,-20.616146,2.748335,0.09603507832073,-0.0670001507471738,0.1630352290679038,14.536401984490778,14.440366906170048,14.254499999999998,15.148443952087518,13.360556047912478,1.7878879041750402,1.0791750129199498,14.746,14.552000000000001,14.254499999999998,13.946333333333333,14.764166666666666
2025-02-20,sz.300739,14.7000,14.9000,14.5700,14.9,14.7100,18171276,268548554.9100,3,5.343100,1,1.291600,0,90.677074,3.260076,-20.090293,2.678234,0.026987904825450215,-0.10775895801414974,0.13474686283959997,14.399384163489103,14.372396258663652,14.178,14.952748855742207,13.403251144257794,1.5494977114844133,0.9659574484355489,14.528,14.453999999999999,14.178,13.920666666666667,14.748666666666667
2025-02-19,sz.300739,14.2200,14.7200,14.1100,14.71,14.2300,17333598,250686335.1200,3,5.096800,1,3.373200,0,89.520790,3.218505,-19.834108,2.644082,-0.021824857051443658,-0.14144567372404973,0.11962081667260607,14.308363102305302,14.330187959356746,14.104999999999999,14.86835823141816,13.341641768581837,1.5267164628363226,0.8962752840668513,14.396,14.384,14.104999999999999,13.928666666666665,14.739666666666666
2025-02-18,sz.300739,14.7000,15.0400,14.1500,14.23,14.6000,22662025,331783562.9100,3,6.663600,1,-2.534200,0,86.599649,3.113482,-19.186904,2.557803,-0.06446478428992819,-0.17135087789220121,0.10688609360227302,14.235338211815357,14.299802996105285,14.0465,14.793797587451417,13.299202412548583,1.494595174902834,0.6227757208649694,14.372,14.267999999999997,14.0465,14.001000000000001,14.723666666666666
2025-02-17,sz.300739,14.2000,14.7200,14.1900,14.6,14.2000,16108983,233669210.9400,3,4.736700,1,2.816900,0,88.851361,3.194437,-19.685790,2.624309,-0.06907844001192487,-0.19807240129276946,0.1289939612808446,14.236308795781785,14.30538723579371,13.964499999999997,14.949214225175679,12.979785774824316,1.9694284503513622,0.822682451290182,14.386000000000001,14.178,13.964499999999997,14.104666666666667,14.738000000000001
2025-02-14,sz.300739,14.1600,14.4000,14.1000,14.2,14.2400,11635276,165832882.5800,3,3.421300,1,-0.280900,0,86.414945,3.106842,-19.145981,2.552348,-0.11163509236964053,-0.23032089161298058,0.11868579924334005,14.170183122287565,14.281818214657205,13.884,14.912241216835907,12.855758783164093,2.056482433671814,0.6536604421345756,14.358,14.094999999999999,13.884,14.230666666666668,14.737666666666666
2025-02-13,sz.300739,14.5800,14.6500,14.2300,14.24,14.5900,13088880,187846148.4600,3,3.848800,1,-2.398900,0,86.658368,3.115593,-19.199913,2.559537,-0.12360180003538623,-0.25999234142381555,0.13639054138842932,14.164761871794395,14.288363671829782,13.870999999999999,14.888942196683907,12.85305780331609,2.035884393367816,0.6812480125109617,14.38,14.071000000000002,13.870999999999999,14.340333333333332,14.744833333333332
2025-02-12,sz.300739,14.2600,14.5900,14.2000,14.59,14.3000,14169483,204871355.3400,3,4.166500,1,2.028000,0,88.788314,3.192170,-19.671821,2.622447,-0.14115055345551575,-0.29408997677092286,0.1529394233154071,14.151082212120649,14.292232765576165,13.8245,14.856339950869668,12.792660049130333,2.0636799017393344,0.870939310575643,14.372,14.053999999999998,13.8245,14.444,14.752833333333333
2025-02-11,sz.300739,14.4000,14.4300,14.1800,14.3,14.4600,11932878,170719275.6700,3,3.508800,1,-1.106500,0,87.023501,3.128721,-19.280812,2.570322,-0.19713240886149208,-0.33232483259977463,0.13519242373828255,14.071278977960766,14.268411386822258,13.7715,14.745029119938696,12.797970880061303,1.9470582398773928,0.771435126682847,14.164000000000001,14.001,13.7715,14.552999999999999,14.753333333333334
2025-02-10,sz.300739,14.3600,14.4600,14.1700,14.46,14.3100,13633971,195329670.3100,3,4.009000,1,1.048200,0,87.997191,3.163728,-19.496541,2.599081,-0.23619096017804075,-0.3661229385343453,0.12993197835630454,14.029693337589997,14.265884297768038,13.7015,14.715512872336122,12.687487127663877,2.028025744672245,0.8740090588063933,13.969999999999999,14.003,13.7015,14.693,
2025-02-07,sz.300739,14.1900,14.4700,14.0400,14.31,14.2000,19155503,273822075.5600,3,5.632600,1,0.774600,0,87.084357,3.130909,-19.294295,2.572119,-0.29889927898311974,-0.3986059331234214,0.09970665414030166,13.95145576260636,14.25035504158948,13.6435,14.60624333902775,12.680756660972248,1.9254866780555027,0.8461462536178549,13.831999999999999,13.956999999999999,13.6435,14.796333333333333,
2025-02-06,sz.300739,13.5700,14.2000,13.4700,14.2,13.5500,14845374,206837824.7000,3,4.365200,1,4.797000,0,86.414945,3.106842,-19.145981,2.552348,-0.35931754365457635,-0.42353259665849674,0.06421505300392039,13.88626590126206,14.245583444916637,13.654,14.651310066339075,12.656689933660925,1.9946201326781505,0.7737363325752118,13.762,13.902000000000001,13.654,14.952666666666666,
2025-02-05,sz.300739,13.5000,13.6800,13.3300,13.55,13.3300,9834795,133178737.6900,3,2.891900,1,1.650400,0,82.459332,2.964627,-18.269581,2.435515,-0.42000678265480573,-0.4395863599094768,0.019579577254671077,13.829223337855161,14.249230120509967,13.701000000000002,14.878900004691753,12.523099995308252,2.3558000093835005,0.43590287825853374,13.735999999999999,13.825999999999999,13.701000000000002,15.059333333333335,
2025-01-27,sz.300739,13.9800,14.0000,13.3000,13.33,13.7700,10992380,148665880.6300,3,3.232300,1,-3.195400,0,81.120509,2.916493,-17.972953,2.395971,-0.4251773126855731,-0.44448125422314455,0.019303941537571423,13.879991217465191,14.305168530150764,13.867500000000001,15.70964834536092,12.025351654639083,3.684296690721837,0.3541105548438627,13.838,13.825,13.867500000000001,15.091000000000001,
2025-01-24,sz.300739,13.5300,13.8800,13.4200,13.77,13.9600,16698591,229350723.9700,3,4.910200,1,-1.361000,0,83.798155,3.012761,-18.566208,2.475058,-0.4031923919221452,-0.4493072396075374,0.0461148476853922,13.979989620640682,14.383182012562827,14.068000000000001,16.455886976078745,11.680113023921258,4.775773952157486,0.43760173681055853,14.036000000000001,13.751,14.068000000000001,15.135333333333334,
2025-01-23,sz.300739,14.3000,14.6400,13.9600,13.96,14.0700,17652143,252316054.5300,3,5.190600,1,-0.781800,0,84.954411,3.054332,-18.822387,2.509209,-0.4140670219015945,-0.46083595152888535,0.046768929627290845,14.01816955166626,14.432236573567854,14.298499999999999,17.36019732767887,11.236802672321128,6.123394655357741,0.44472020520450656,14.081999999999999,13.672999999999998,14.298499999999999,15.173666666666666,
2025-01-22,sz.300739,14.0500,14.4000,13.9000,14.07,14.0600,15307173,216497649.5100,3,4.501000,1,0.071100,0,85.623823,3.078399,-18.970701,2.528981,-0.4412696656658852,-0.472528183935708,0.03125851826982279,14.028745833787397,14.470015499453282,14.475,17.845912729748292,11.104087270251709,6.741825459496583,0.43992724931353505,14.042000000000002,13.671000000000001,14.475,15.206999999999999,
2025-01-21,sz.300739,14.3000,14.3800,13.9300,14.06,14.3200,17698403,248826761.2000,3,5.204200,1,-1.815600,0,85.562967,3.076211,-18.957218,2.527184,-0.48077166311534825,-0.48034281350316366,-0.0004288496121845897,14.021245076294198,14.502016739409546,14.639000000000001,18.238361931758128,11.039638068241874,7.198723863516253,0.41956907766188645,13.916,13.594999999999999,14.639000000000001,15.228666666666667,
2025-01-20,sz.300739,14.1000,14.5000,14.0000,14.32,14.0000,21166554,301946443.4200,3,6.224000,1,2.285700,0,87.145212,3.133097,-19.307778,2.573917,-0.5231793520328036,-0.4802356011001175,-0.04294375093268615,14.014198726529505,14.537378078562309,14.828999999999999,18.691254045993034,10.966745954006964,7.7245080919860705,0.4341058363926022,13.812000000000001,13.541999999999998,14.828999999999999,15.253666666666668,
2025-01-17,sz.300739,13.8000,14.2000,13.6700,14.0,13.7600,22587065,316359383.3200,3,6.641700,1,1.744200,0,85.197833,3.063083,-18.876319,2.516399,-0.5961698298578764,-0.4694996633669459,-0.1266701664909305,13.958598494989417,14.554768324847293,15.038,19.223169807282563,10.852830192717438,8.370339614565125,0.375990694786889,13.466,13.4,15.038,15.270999999999999,
2025-01-16,sz.300739,13.5700,13.9600,13.4000,13.76,13.4400,20660267,283508696.3200,3,6.075100,1,2.381000,0,83.737299,3.010573,-18.552725,2.473261,-0.6480788422112234,-0.43783212174421327,-0.2102467204670101,13.951070948623855,14.599149790835078,15.216,19.51651845099733,10.915481549002667,8.601036901994664,0.3307180847390227,13.264,13.330000000000002,15.216,15.296,
2025-01-15,sz.300739,13.6000,13.8000,13.3100,13.44,13.5400,16393760,221605758.8700,3,4.820500,1,-0.738600,0,81.789920,2.940560,-18.121267,2.415743,-0.680470653000965,-0.3852704416274607,-0.2952002113735043,13.98581112110092,14.666281774101884,15.478,20.035804642357412,10.920195357642585,9.115609284714827,0.27642745138085895,13.3,13.406,15.478,15.325666666666669,
2025-01-14,sz.300739,12.7100,13.5500,12.5900,13.54,12.5900,21532584,283269818.3600,3,6.331600,1,7.545700,0,82.398476,2.962439,-18.256097,2.433717,-0.6793348092744029,-0.3114703887840846,-0.3678644204903183,14.085049506755633,14.764384316030036,15.676000000000002,20.204996170873798,11.147003829126206,9.057992341747592,0.2641861552305203,13.274000000000001,13.575999999999999,15.676000000000002,15.357666666666667,
2025-01-13,sz.300739,12.6700,12.8200,12.2300,12.59,12.9900,15844383,198187199.7200,3,4.659000,1,-3.079300,0,76.617194,2.754587,-16.975204,2.262962,-0.6781856442375993,-0.21950428366150504,-0.45868136057609427,14.184149417074838,14.862335061312438,15.724,20.17739562935733,11.270604370642669,8.906791258714662,0.14813366464229147,13.272,13.91,15.724,15.388,
2025-01-10,sz.300739,13.8000,13.8800,12.9900,12.99,13.9400,22479569,303296676.6300,3,6.610100,1,-6.814900,0,79.051418,2.842104,-17.514528,2.334859,-0.5701271005835338,-0.10483394351748149,-0.4652931570660523,14.473994765633899,15.044121866217433,15.8275,20.065209783659842,11.589790216340159,8.475419567319683,0.16520831476696463,13.334,14.385000000000002,15.8275,15.446333333333335,
2025-01-09,sz.300739,13.2000,14.3500,13.2000,13.94,13.3100,30703664,428932598.9900,3,9.028300,1,4.733300,0,84.832700,3.049956,-18.795421,2.505614,-0.46463961976567525,0.011489345749031585,-0.47612896551470685,14.743811995749153,15.208451615514829,15.924000000000001,19.97336070327937,11.874639296720634,8.098721406558735,0.2550230585295522,13.396,14.924000000000001,15.924000000000001,15.486666666666668,
2025-01-08,sz.300739,13.2600,13.4500,12.7000,13.31,13.5300,19246542,253101858.3600,3,5.659400,1,-1.626000,0,80.998797,2.912117,-17.945987,2.392377,-0.41996811341610574,0.13052158712770828,-0.5504897005438141,14.88995963133991,15.309927744756015,15.975,19.944046020870694,12.005953979129306,7.938092041741388,0.16427700938884868,13.512,15.279,15.975,15.497000000000002,
2025-01-07,sz.300739,12.9200,13.5400,12.7800,13.53,12.9000,18605884,245836254.4700,3,5.471000,1,4.883700,0,82.337620,2.960251,-18.242614,2.431920,-0.2926969454802375,0.2681440122636618,-0.5608409577438993,15.177225018856259,15.469921964336496,16.0455,19.862406849103976,12.228593150896025,7.633813698207952,0.17047925199032324,13.878,15.683000000000002,16.0455,15.508000000000001,
2025-01-06,sz.300739,13.1900,13.3900,12.6600,12.9,13.3000,15974640,208114426.5800,3,4.697300,1,-3.007500,0,78.503718,2.822413,-17.393180,2.318682,-0.14839524465329212,0.4083542516996366,-0.5567494963529287,15.476720476830124,15.625115721483416,16.1095,19.78927387749216,12.42972612250784,7.35954775498432,0.06389983367845699,14.547999999999998,16.116,16.1095,15.52,
2025-01-03,sz.300739,14.4800,14.5800,13.2600,13.3,14.5200,23476614,322959363.3300,3,6.903200,1,-8.402200,0,80.937942,2.909929,-17.932503,2.390579,0.1020901297789667,0.5475416257878687,-0.445451496008902,15.945215108981056,15.84312497920209,16.2065,19.62290176979107,12.790098230208926,6.8328035395821445,0.07462555696753682,15.436000000000002,16.676,16.2065,15.547333333333334,
2025-01-02,sz.300739,15.0000,15.0400,14.1700,14.52,15.1400,23535886,344030511.5100,3,7.054900,1,-4.095100,0,86.702264,3.117172,-19.209639,2.560834,0.37958833307571993,0.6589044997900941,-0.2793161667143742,16.426163310613976,16.046574977538256,16.279,19.491134230661828,13.06686576933817,6.424268461323658,0.2261945059441718,16.452,17.102,16.279,15.581999999999999,
2024-12-31,sz.300739,16.8200,16.9900,14.8600,15.14,16.8800,37305582,588780309.1300,3,11.182400,1,-10.308100,0,90.404426,3.250274,-20.029885,2.670181,0.60403748225702,0.7287335414686876,-0.1246960592116676,16.772738457998337,16.168700975741316,16.285500000000003,19.48314041294926,13.087859587050744,6.395280825898517,0.32088354973230393,17.046,17.55,16.285500000000003,15.576666666666666,
2024-12-30,sz.300739,16.9100,17.6900,16.7000,16.88,17.3400,26031118,446155842.0600,3,7.802900,1,-2.652800,0,100.794367,3.623819,-22.331867,2.977057,0.8186029420155947,0.7599075562716044,0.05869538574399025,17.069599995816215,16.25099705380062,16.2485,19.518261137260158,12.978738862739844,6.539522274520314,0.5965666869062419,17.488,17.776,16.2485,15.550666666666666,
2024-12-27,sz.300739,18.1100,18.5400,17.2100,17.34,18.3800,45989825,824308014.9800,3,13.785600,1,-5.658300,0,103.541133,3.722573,-22.940437,3.058186,0.9033959042235828,0.7452337098356068,0.15816219438797607,17.104072722328254,16.20067681810467,16.127,19.477551250795983,12.776448749204016,6.701102501591967,0.6810149896545875,17.683999999999997,17.538,16.127,15.446333333333333,
2024-12-26,sz.300739,17.1000,18.5700,16.0000,18.38,17.4900,59669511,1034469659.1700,3,17.886100,1,5.088600,0,109.751212,3.945841,-24.316334,3.241606,0.9516458901076206,0.7056931612386127,0.24595272886900788,17.061176853660665,16.109530963553045,15.977,19.367277740524326,12.586722259475675,6.780555481048651,0.8543957433452578,17.915999999999997,17.27,15.977,15.371333333333332,
2024-12-25,sz.300739,17.2100,17.7300,16.9100,17.49,17.3500,38264216,666242220.0700,3,11.469800,1,0.806900,0,104.436817,3.754775,-23.138883,3.084641,0.8934973864162288,0.6442049790213606,0.24929240739486813,16.821390827053516,15.927893440637288,15.768,19.04811938165286,12.487880618347141,6.560238763305719,0.7624904461758154,17.752,16.924,15.768,15.244666666666665,
2024-12-24,sz.300739,17.7500,17.8900,16.9000,17.35,17.8600,36840998,639498004.6200,3,11.043200,1,-2.855500,0,103.600845,3.724719,-22.953666,3.059949,0.8969006069931584,0.5818818771726436,0.3150187298205148,16.69982552288143,15.802924915888271,15.606,18.847840932491746,12.364159067508254,6.483681864983492,0.7689829692938585,18.054,16.671,15.606,15.149333333333335,
2024-12-23,sz.300739,18.0500,18.4300,16.8400,17.86,18.5000,51438363,900182031.6700,3,15.852500,1,-3.459500,0,103.761629,3.730500,-22.989290,3.064698,0.9024530724278108,0.5031271947175149,0.39932587771029593,16.581611981587145,15.679158909159334,15.420499999999999,18.666734904105304,12.174265095894693,6.492469808210611,0.8757429871933977,18.064,16.407999999999998,15.420499999999999,15.061666666666667,
2024-12-20,sz.300739,16.9200,18.6900,16.9200,18.5,17.5600,70354040,1265808137.1200,3,21.682100,1,5.353100,0,107.479851,3.864180,-23.813094,3.174520,0.8444861745290897,0.40329572528994084,0.44119044923914885,16.34917779642117,15.50469162189208,15.222,18.322387751641127,12.121612248358874,6.200775503282253,1.0286435540626906,17.392000000000003,16.103,15.222,14.953666666666667,
2024-12-19,sz.300739,17.3100,18.2200,16.6900,17.56,19.0000,68936743,1192857178.7500,3,22.159300,1,-7.578900,0,97.860233,3.518330,-21.681784,2.890395,0.6930522623088429,0.29299811298015355,0.4000541493286893,15.95811921395229,15.265066951643448,14.983,17.7370293924969,12.2289706075031,5.5080587849938,0.9678599304387959,16.624000000000002,15.737,14.983,,
2024-12-18,sz.300739,16.8300,20.2800,16.7800,19.0,17.4000,84330648,1557258392.5800,3,27.951100,1,9.195400,0,102.729268,3.693384,-22.760561,3.034207,0.5853958541686932,0.19298457564798122,0.392411278520712,15.666868161943617,15.081472307774924,14.822,17.304838782734922,12.339161217265076,4.965677565469846,1.3413756118707405,16.096,15.456,14.822,,
2024-12-17,sz.300739,14.5000,17.4000,14.4400,17.4,14.5000,52366996,895090613.5000,3,17.356900,1,20.000000,0,94.078382,3.382362,-20.843882,2.778694,0.29285409899099335,0.09488175601780319,0.19797234297319016,15.060844191387911,14.767990092396918,14.59,16.109182605704028,13.07081739429597,3.038365211408058,1.4248394463737861,15.288,15.021,14.59,,
2024-12-16,sz.300739,14.6600,14.7900,14.3900,14.5,14.6600,4376175,63843311.7500,3,1.450500,1,-1.091400,0,78.398652,2.818635,-17.369902,2.315579,0.0781138354879527,0.04538867027450565,0.032725165213447045,14.635543135276624,14.557429299788671,14.437999999999999,15.185954403338654,13.690045596661344,1.4959088066773099,0.5414463767599006,14.752,14.720999999999998,14.437999999999999,,
2024-12-13,sz.300739,14.8500,14.8800,14.5900,14.66,14.9200,5623504,82870784.9400,3,1.863900,1,-1.742600,0,79.263741,2.849737,-17.561570,2.341130,0.09816369791879254,0.03720737897114389,0.06095631894764865,14.660187341690557,14.562023643771765,14.4005,15.208186103697013,13.592813896302985,1.615372207394028,0.6606440910721344,14.814000000000002,14.716,14.4005,,
2024-12-12,sz.300739,14.9400,15.0400,14.7500,14.92,14.9600,5629443,83762544.0500,3,1.865900,1,-0.267400,0,80.669509,2.900278,-17.873030,2.382651,0.10603586854260705,0.02196829923423172,0.08406756930837533,14.660221403816113,14.554185535273506,14.422,15.2800909042753,13.563909095724702,1.7161818085505978,0.7901790460187813,14.85,14.684000000000001,14.422,,
2024-12-11,sz.300739,14.6600,14.9600,14.6600,14.96,14.7200,7633564,113332292.9600,3,2.530100,1,1.630400,0,80.885782,2.908054,-17.920947,2.389038,0.08806855368729494,0.0009514069071378875,0.08711714678015706,14.61298893178268,14.524920378095386,14.404999999999998,15.234546483580665,13.57545351641933,1.6590929671613353,0.8345201329794036,14.815999999999999,14.612,14.404999999999998,,
2024-12-10,sz.300739,15.2000,15.2500,14.6600,14.72,14.8100,10947312,163356942.1300,3,3.628500,1,-0.607700,0,79.588149,2.861401,-17.633445,2.350712,0.05978200194560657,-0.020827879787901373,0.08060988173350794,14.549896010288624,14.490114008343017,14.388500000000002,15.183994549916825,13.59300545008318,1.5909890998336458,0.7083609498233898,14.754,14.541,14.388500000000002,,
2024-12-09,sz.300739,14.7300,15.0700,14.5500,14.81,14.8400,7472727,110525817.4400,3,2.476800,1,-0.202200,0,80.074761,2.878896,-17.741258,2.365084,0.04724488314882613,-0.040980350221278355,0.08822523337010449,14.518968012159284,14.471723129010458,14.388499999999999,15.183994549916822,13.593005450083176,1.5909890998336458,0.764929533485851,14.690000000000001,14.433000000000002,14.388499999999999,,
2024-12-06,sz.300739,14.7200,14.9900,14.4000,14.84,14.7500,9139723,134498240.2100,3,3.029300,1,0.610200,0,80.236965,2.884727,-17.777196,2.369875,0.021392125947858887,-0.06303665856380447,0.08442878451166336,14.466053105279155,14.444660979331296,14.379,15.157660117732613,13.600339882267386,1.5573202354652267,0.7960213252878483,14.618,14.341,14.379,,
2024-12-05,sz.300739,14.3200,14.9500,14.3000,14.75,14.6500,11444798,169150340.7500,3,3.793300,1,0.682600,0,79.750353,2.867232,-17.669383,2.355503,-0.014971096893344082,-0.08414385469172031,0.06917275779837623,14.398062760784455,14.4130338576778,14.354736842105263,15.123035638756456,13.58643804545407,1.5365975933023854,0.7572327066094485,14.518,14.229,,,
2024-12-04,sz.300739,14.4000,14.9700,14.2800,14.65,14.4000,12388808,181417246.4400,3,4.106200,1,1.736100,0,79.209673,2.847793,-17.549590,2.339533,-0.0520023944558492,-0.10143704414131437,0.04943464968546517,14.334074171836175,14.386076566292024,14.332777777777778,15.098416474800782,13.567139080754774,1.5312773940460076,0.707161826756969,14.407999999999998,14.187999999999999,,,
2024-12-03,sz.300739,14.4900,14.4900,14.1800,14.4,14.4500,6226600,89373601.1700,3,2.063800,1,-0.346000,0,77.857972,2.799196,-17.250109,2.299609,-0.0883295794253609,-0.11379570656268065,0.025466127137319744,14.276633112170025,14.364962691595386,14.314117647058824,15.086259435318253,13.541975858799395,1.5442835765188576,0.5556130714896117,14.328,14.159,,,
2024-12-02,sz.300739,14.3600,14.4900,14.2600,14.45,14.3400,7285683,104833236.2000,3,2.414800,1,0.767100,0,78.128312,2.808916,-17.310006,2.307594,-0.10795693799480688,-0.12016223834701056,0.012205300352203685,14.25420276892821,14.362159706923016,14.30875,15.104903251579115,13.512596748420885,1.5923065031582304,0.5887077957163648,14.175999999999998,14.155000000000001,,,
2024-11-29,sz.300739,14.2000,14.5100,13.9600,14.34,14.2000,5911820,84350790.6000,3,1.959500,1,0.985900,0,77.533563,2.787533,-17.178234,2.290028,-0.13652921110715432,-0.12321356343506149,-0.01331564767209284,14.218603272369704,14.355132483476858,14.299333333333333,15.11973277147017,13.478933895196496,1.6407988762736743,0.5247846748646138,14.063999999999998,14.084999999999999,,,
2024-11-28,sz.300739,14.2600,14.4500,14.1400,14.2,14.2500,5152118,73709157.1600,3,1.707700,1,-0.350900,0,76.776611,2.760319,-17.010524,2.267670,-0.15981194208172056,-0.11988465151703825,-0.039927290564682305,14.196531140073287,14.356343082155007,14.296428571428573,15.147477052117843,13.445380090739302,1.7020969613785404,0.4433471925415605,13.940000000000001,14.16,,,
2024-11-27,sz.300739,13.6100,14.2900,13.2300,14.25,13.6400,6621395,91251003.3000,3,2.194600,1,4.472100,0,77.046951,2.770038,-17.070421,2.275655,-0.17295009045897558,-0.10990282887586766,-0.06304726158310792,14.195900438268431,14.368850528727407,14.303846153846154,15.187759364575896,13.419932943116411,1.7678264214594854,0.4695410402330681,13.968,14.197999999999999,,,
2024-11-26,sz.300739,13.8000,14.0300,13.5900,13.64,13.8900,4284861,59065399.6000,3,1.420200,1,-1.799900,0,73.748801,2.651461,-16.339687,2.178241,-0.19229441670836245,-0.09414101348009066,-0.09815340322827179,14.186064154317236,14.378358571025599,14.308333333333332,15.230931771868688,13.385734894797976,1.8451968770707126,0.13779836090210387,13.99,14.235999999999999,,,
2024-11-25,sz.300739,13.7100,13.8900,13.3600,13.89,13.7200,6241000,85143425.2500,3,2.068600,1,1.239100,0,75.100267,2.700050,-16.639116,2.218158,-0.15207871069636703,-0.0696026626730227,-0.08247604802334432,14.28534854601128,14.437427256707647,14.36909090909091,15.23013467315657,13.508047145025248,1.722087528131322,0.22179642366333058,14.134,14.344,,,
2024-11-22,sz.300739,14.2200,14.6500,13.6900,13.72,14.3400,9967368,141743845.6800,3,3.303700,1,-4.323600,0,74.181113,2.667004,-16.435469,2.191010,-0.12399133741274504,-0.048983650667186615,-0.07500768674555842,14.357230099831511,14.481221437244256,14.416999999999998,15.26054015909143,13.573459840908566,1.6870803181828649,0.0868602149595769,14.106,14.416999999999998,,,
2024-11-21,sz.300739,14.2900,14.5100,14.1000,14.34,14.3600,8030650,115180428.0000,3,2.661700,1,-0.139300,0,77.533321,2.787524,-17.178180,2.290020,-0.06902903424110107,-0.030231728980797005,-0.03879730526030407,14.473090117982697,14.542119152223798,14.494444444444444,15.22287502529008,13.766013863598808,1.4568611616912719,0.39398822035646214,14.38,,,,
2024-11-20,sz.300739,14.3200,14.5300,14.1800,14.36,14.3600,9076952,130165648.6200,3,3.008500,1,0.000000,0,77.641457,2.791412,-17.202139,2.293214,-0.06100036314942514,-0.020532402665720987,-0.04046796048370416,14.497288321252277,14.558288684401703,14.51375,15.2825663444078,13.7449336555922,1.5376326888155987,0.40000862942213433,14.428,,,,
2024-11-19,sz.300739,13.7100,14.3600,13.6700,14.36,13.7500,10338955,145268290.0600,3,3.426800,1,4.436400,0,77.641457,2.791412,-17.202139,2.293214,-0.05190194494660183,-0.010415412544794948,-0.041486532401806886,14.522249834207237,14.574151779153839,14.535714285714286,15.35521471425655,13.716213857172024,1.6390008570845254,0.39279182804891893,14.482,,,,
2024-11-18,sz.300739,15.0200,15.0900,13.5100,13.75,15.0900,17242498,241117118.9800,3,5.715000,1,-8.880100,0,74.343317,2.672835,-16.471407,2.195801,-0.0395341174230488,-4.377944434322614e-05,-0.039490337978705575,14.551749804063098,14.591283921486147,14.565,15.44652141210523,13.683478587894768,1.763042824210462,0.037731024562617545,14.554000000000002,,,,
2024-11-15,sz.300739,14.7300,15.1500,14.4100,15.09,14.5800,20249091,301496729.1600,3,6.711500,1,3.497900,0,81.588411,2.933315,-18.076621,2.409791,0.03893586050589626,0.009828805050333168,0.02910705545556309,14.697522495710935,14.658586635205038,14.728,15.145468561690578,14.310531438309422,0.834937123381156,0.9335655822010251,14.728,,,,
2024-11-14,sz.300739,14.5700,15.2800,14.5100,14.58,14.6300,13403160,198644084.4000,3,4.442400,1,-0.341800,0,78.830950,2.834177,-17.465681,2.328347,0.0020893834551198864,0.002552041186442395,-0.0004626577313225086,14.62616294947656,14.62407356602144,14.6375,14.755680652674904,14.519319347325094,0.23636130534980992,0.256728370090441,,,,,
2024-11-13,sz.300739,14.6000,14.7200,14.2000,14.63,14.7200,7036406,101942247.3700,3,2.332200,1,-0.611400,0,79.101289,2.843897,-17.525577,2.336332,0.006956761714597803,0.002667705619273022,0.004289056095324781,14.634556213017753,14.627599451303155,14.656666666666666,14.766818077612388,14.546515255720944,0.220302821891444,0.37895449346624477,,,,,
2024-11-12,sz.300739,14.6200,14.9900,14.4400,14.72,14.6200,11069314,163051501.8400,3,3.668900,1,0.684000,0,79.587900,2.861392,-17.633390,2.350704,0.007977207977209133,0.0015954415954418267,0.006381766381767307,14.635384615384616,14.627407407407407,14.67,14.811421356237311,14.528578643762689,0.282842712474622,0.6767766952966375,,,,,
2024-11-11,sz.300739,14.0900,14.6700,14.0900,14.62,14.1100,9071737,131410870.5200,3,3.006800,1,3.614500,0,79.047221,2.841953,-17.513598,2.334735,0.0,0.0,0.0,14.62,14.62,14.62,,,,,,,,,
